gcf	phylum
GCF000311765	Proteobacteria
GCF900112245	Bacteroidetes
GCF001853345	Proteobacteria
GCF001894865	Actinobacteria
GCF001708405	Proteobacteria
GCF000411375	Actinobacteria
GCF900172315	Proteobacteria
GCF001294465	Proteobacteria
GCF001292705	Proteobacteria
GCF000017265	Proteobacteria
GCF000260965	Proteobacteria
GCF001816125	not_annotated
GCF900103475	Proteobacteria
GCF900014995	Actinobacteria
GCF000300005	Proteobacteria
GCF900111025	Bacteroidetes
GCF001570905	Actinobacteria
GCF000685215	Proteobacteria
GCF001998765	Firmicutes
GCF000163895	Firmicutes
GCF000349325	Actinobacteria
GCF000384295	Actinobacteria
GCF002005445	Proteobacteria
GCF000745545	Proteobacteria
GCF000269805	Actinobacteria
GCF900177535	Firmicutes
GCF002222655	not_annotated
GCF002198715	not_annotated
GCF000177075	Bacteroidetes
GCF000220525	Bacteroidetes
GCF000597725	Proteobacteria
GCF001955715	Proteobacteria
GCF900142435	Aquificae
GCF000612685	Proteobacteria
GCF000189595	Firmicutes
GCF001551835	Proteobacteria
GCF000960975	Proteobacteria
GCF000831005	Proteobacteria
GCF000513955	Proteobacteria
GCF001044245	Actinobacteria
GCF000721075	Actinobacteria
GCF001431485	Proteobacteria
GCF000423345	Proteobacteria
GCF002005365	Proteobacteria
GCF001975225	Proteobacteria
GCF900107585	Proteobacteria
GCF000069965	Proteobacteria
GCF000416985	Bacteroidetes
GCF000721275	Actinobacteria
GCF000786195	Actinobacteria
GCF001936475	Bacteroidetes
GCF000173075	not_annotated
GCF900104535	Actinobacteria
GCF001675045	Firmicutes
GCF000225445	Proteobacteria
GCF000613445	Bacteroidetes
GCF900113825	Proteobacteria
GCF000154425	Firmicutes
GCF900129455	Actinobacteria
GCF001403735	Proteobacteria
GCF001438845	Firmicutes
GCF900129725	Bacteroidetes
GCF000520995	Bacteroidetes
GCF000188015	Firmicutes
GCF000420645	Proteobacteria
GCF000024385	Actinobacteria
GCF000426625	Fusobacteria
GCF002086795	Actinobacteria
GCF000024945	Firmicutes
GCF001591305	Proteobacteria
GCF000768335	Proteobacteria
GCF001509405	Actinobacteria
GCF001885705	not_annotated
GCF000447205	Proteobacteria
GCF000308715	not_annotated
GCF001650635	Proteobacteria
GCF000519205	Actinobacteria
GCF000005825	Firmicutes
GCF001267945	Proteobacteria
GCF000967305	Proteobacteria
GCF000308275	Firmicutes
GCF000972495	Bacteroidetes
GCF000953735	Proteobacteria
GCF001618955	Proteobacteria
GCF900099975	Actinobacteria
GCF001567585	not_annotated
GCF000484635	Proteobacteria
GCF001482195	Proteobacteria
GCF000473085	Proteobacteria
GCF001598035	Firmicutes
GCF001375515	Firmicutes
GCF000285515	Firmicutes
GCF001890925	Proteobacteria
GCF000802305	Actinobacteria
GCF900110295	Firmicutes
GCF000160075	Firmicutes
GCF000009365	Proteobacteria
GCF000173975	Firmicutes
GCF900111295	Firmicutes
GCF001888055	Proteobacteria
GCF000800395	Deinococcus-Thermus
GCF000828085	not_annotated
GCF001700965	Proteobacteria
GCF900156645	Firmicutes
GCF900110775	Proteobacteria
GCF900128885	Firmicutes
GCF001308285	Firmicutes
GCF001598935	Firmicutes
GCF002086115	Actinobacteria
GCF001074355	Firmicutes
GCF900110245	Bacteroidetes
GCF000023845	Actinobacteria
GCF900166655	Firmicutes
GCF000427095	not_annotated
GCF900166635	Firmicutes
GCF000191725	Firmicutes
GCF900102525	Proteobacteria
GCF000407365	Firmicutes
GCF000725885	Actinobacteria
GCF001244495	Firmicutes
GCF001746755	Proteobacteria
GCF000284035	Actinobacteria
GCF001617625	Proteobacteria
GCF001190745	Proteobacteria
GCF000428465	Proteobacteria
GCF000185145	Bacteroidetes
GCF001629705	Firmicutes
GCF000970345	Proteobacteria
GCF001543145	Firmicutes
GCF000067205	Proteobacteria
GCF000420625	Proteobacteria
GCF001937195	Proteobacteria
GCF002000985	Firmicutes
GCF900095855	Firmicutes
GCF000017645	Proteobacteria
GCF900101705	Bacteroidetes
GCF900107455	Actinobacteria
GCF000829905	Firmicutes
GCF000023905	Fusobacteria
GCF002117085	Bacteroidetes
GCF000612865	Firmicutes
GCF900115745	Proteobacteria
GCF000298175	Actinobacteria
GCF900102795	Proteobacteria
GCF000312365	Firmicutes
GCF002014985	Proteobacteria
GCF001956985	Planctomycetes
GCF900093775	Firmicutes
GCF000445105	Proteobacteria
GCF000190595	Bacteroidetes
GCF001040945	Proteobacteria
GCF000271405	Firmicutes
GCF000204565	Firmicutes
GCF000467125	Proteobacteria
GCF900078695	Proteobacteria
GCF001514495	Firmicutes
GCF000007625	Firmicutes
GCF000378505	Proteobacteria
GCF001922305	Proteobacteria
GCF002087335	Proteobacteria
GCF000143765	Bacteroidetes
GCF900172355	not_annotated
GCF000745735	Proteobacteria
GCF900109355	Actinobacteria
GCF000156175	Actinobacteria
GCF000347595	Proteobacteria
GCF000812025	Firmicutes
GCF000012725	Proteobacteria
GCF002115745	Proteobacteria
GCF000017245	Proteobacteria
GCF001555775	Proteobacteria
GCF001295365	Firmicutes
GCF000960475	Actinobacteria
GCF000010525	Proteobacteria
GCF000143145	Proteobacteria
GCF000971235	Actinobacteria
GCF900108395	Bacteroidetes
GCF900129935	Firmicutes
GCF900115125	Proteobacteria
GCF900105785	Actinobacteria
GCF000196615	Proteobacteria
GCF900109785	Proteobacteria
GCF002014765	Proteobacteria
GCF000196315	Bacteroidetes
GCF001652705	Firmicutes
GCF000017405	Proteobacteria
GCF000269925	Firmicutes
GCF000243155	Firmicutes
GCF900110575	Actinobacteria
GCF000710505	not_annotated
GCF000348685	Bacteroidetes
GCF000719115	Actinobacteria
GCF001411495	Proteobacteria
GCF000013365	Proteobacteria
GCF001642955	not_annotated
GCF900101355	Firmicutes
GCF002155995	not_annotated
GCF001553935	Actinobacteria
GCF000384375	Proteobacteria
GCF000720425	Actinobacteria
GCF900100835	Firmicutes
GCF900102485	Proteobacteria
GCF000159435	Firmicutes
GCF000023465	Bacteroidetes
GCF900130105	Proteobacteria
GCF900156525	Proteobacteria
GCF002208825	not_annotated
GCF001559795	Fusobacteria
GCF002221595	not_annotated
GCF000613285	Proteobacteria
GCF000818095	Firmicutes
GCF900167525	Actinobacteria
GCF900112405	Firmicutes
GCF000613845	Proteobacteria
GCF000317495	not_annotated
GCF900103755	Bacteroidetes
GCF000312345	Actinobacteria
GCF900120415	Firmicutes
GCF000576555	Bacteroidetes
GCF001439915	Firmicutes
GCF000967245	Firmicutes
GCF900188085	not_annotated
GCF900129465	Bacteroidetes
GCF000160055	Firmicutes
GCF001500315	Firmicutes
GCF000301035	Firmicutes
GCF900120165	Firmicutes
GCF000513215	Proteobacteria
GCF001399675	Firmicutes
GCF002025665	Bacteroidetes
GCF000763315	Firmicutes
GCF900107765	Bacteroidetes
GCF000384175	Actinobacteria
GCF000020205	Proteobacteria
GCF000157975	Firmicutes
GCF001046855	Actinobacteria
GCF900113935	Proteobacteria
GCF900155735	not_annotated
GCF001598555	Proteobacteria
GCF000259075	Bacteroidetes
GCF000193395	Bacteroidetes
GCF900110255	Actinobacteria
GCF001633165	Proteobacteria
GCF000348945	Actinobacteria
GCF000956415	Actinobacteria
GCF001570925	Actinobacteria
GCF000307875	Firmicutes
GCF000312025	Firmicutes
GCF000744255	Firmicutes
GCF001559595	Proteobacteria
GCF000821045	Proteobacteria
GCF000092425	Deinococcus-Thermus
GCF900095705	Fusobacteria
GCF001458175	Proteobacteria
GCF001913135	Proteobacteria
GCF000307225	not_annotated
GCF000341005	Actinobacteria
GCF900105865	Actinobacteria
GCF001431525	Proteobacteria
GCF000743705	Proteobacteria
GCF900188035	not_annotated
GCF000959245	Proteobacteria
GCF001682385	Proteobacteria
GCF000259175	Proteobacteria
GCF000154065	Firmicutes
GCF001593985	Firmicutes
GCF001433765	Firmicutes
GCF002215215	not_annotated
GCF001437405	Firmicutes
GCF000177375	Firmicutes
GCF900156505	Proteobacteria
GCF900105355	Proteobacteria
GCF000346505	not_annotated
GCF000224085	Bacteroidetes
GCF001598455	Proteobacteria
GCF000956575	Actinobacteria
GCF001956915	Actinobacteria
GCF000745915	Deinococcus-Thermus
GCF001870225	not_annotated
GCF900155435	Actinobacteria
GCF000518685	Firmicutes
GCF000685295	Proteobacteria
GCF900102365	Firmicutes
GCF900089605	Actinobacteria
GCF900176305	Firmicutes
GCF000469465	Firmicutes
GCF001436295	Firmicutes
GCF002019635	Firmicutes
GCF900103545	Bacteroidetes
GCF900104445	Proteobacteria
GCF000168295	Proteobacteria
GCF002078015	Bacteroidetes
GCF900114795	Proteobacteria
GCF001612945	Actinobacteria
GCF900199195	not_annotated
GCF001262015	Bacteroidetes
GCF000204015	Proteobacteria
GCF000158455	Proteobacteria
GCF001878855	not_annotated
GCF900090285	not_annotated
GCF900107695	Proteobacteria
GCF001434335	Firmicutes
GCF000442275	Proteobacteria
GCF000736415	Proteobacteria
GCF000009865	Firmicutes
GCF000488215	Proteobacteria
GCF000619845	Proteobacteria
GCF002105195	Proteobacteria
GCF001050475	Firmicutes
GCF000829435	Firmicutes
GCF001509495	not_annotated
GCF000024225	Actinobacteria
GCF900111105	Proteobacteria
GCF900104685	Actinobacteria
GCF001697185	Bacteroidetes
GCF000383855	Proteobacteria
GCF002109385	Firmicutes
GCF000284615	Proteobacteria
GCF000423605	Proteobacteria
GCF000340965	Actinobacteria
GCF900018785	Proteobacteria
GCF001884705	not_annotated
GCF001006305	Acidobacteria
GCF000238055	Firmicutes
GCF900105335	Actinobacteria
GCF001552785	Actinobacteria
GCF900110915	not_annotated
GCF001597285	Proteobacteria
GCF000152805	Proteobacteria
GCF000789235	Bacteroidetes
GCF000023865	Actinobacteria
GCF001939725	Proteobacteria
GCF000598065	Firmicutes
GCF000428925	Firmicutes
GCF900141735	Proteobacteria
GCF000735455	Proteobacteria
GCF000014765	Proteobacteria
GCF000014825	Proteobacteria
GCF001580025	Proteobacteria
GCF000720965	Actinobacteria
GCF000239695	Actinobacteria
GCF001552235	Actinobacteria
GCF000403375	Firmicutes
GCF000686725	Firmicutes
GCF000300455	Proteobacteria
GCF000695255	Proteobacteria
GCF001655675	Proteobacteria
GCF000499525	Firmicutes
GCF001613505	Actinobacteria
GCF900110555	Actinobacteria
GCF000816185	Proteobacteria
GCF000414175	Proteobacteria
GCF000302595	Bacteroidetes
GCF002197985	not_annotated
GCF000371425	Firmicutes
GCF000307855	Firmicutes
GCF000635915	Proteobacteria
GCF000720035	Actinobacteria
GCF001275345	Actinobacteria
GCF000732625	Bacteroidetes
GCF001049355	Actinobacteria
GCF001543175	Firmicutes
GCF000215085	Firmicutes
GCF900113485	Proteobacteria
GCF900104965	Actinobacteria
GCF900106935	Proteobacteria
GCF000317575	not_annotated
GCF900167205	Firmicutes
GCF000740785	Proteobacteria
GCF001597725	Proteobacteria
GCF900116115	Bacteroidetes
GCF000498295	Firmicutes
GCF002029255	Firmicutes
GCF000767255	not_annotated
GCF000313615	Proteobacteria
GCF000622345	Proteobacteria
GCF001953195	Proteobacteria
GCF002091635	Proteobacteria
GCF000577895	Firmicutes
GCF900110165	Firmicutes
GCF900129825	Proteobacteria
GCF001646865	not_annotated
GCF000300515	Proteobacteria
GCF000626675	Actinobacteria
GCF000355675	Proteobacteria
GCF000429845	Proteobacteria
GCF001056295	Actinobacteria
GCF000716755	Actinobacteria
GCF000307375	Bacteroidetes
GCF000020065	Tenericutes
GCF000963705	not_annotated
GCF001647275	Bacteroidetes
GCF000766865	Firmicutes
GCF900188165	not_annotated
GCF001467895	Proteobacteria
GCF000164675	Firmicutes
GCF001704635	Actinobacteria
GCF000321185	Firmicutes
GCF000307165	Firmicutes
GCF900103775	Actinobacteria
GCF000198775	Proteobacteria
GCF900078515	not_annotated
GCF001431505	Proteobacteria
GCF000196295	Proteobacteria
GCF000286395	Firmicutes
GCF900129945	Firmicutes
GCF001693815	Actinobacteria
GCF900106055	Actinobacteria
GCF000160835	Firmicutes
GCF001640115	Bacteroidetes
GCF000152825	Proteobacteria
GCF000384415	Proteobacteria
GCF000010145	Firmicutes
GCF002237615	not_annotated
GCF000024125	Bacteroidetes
GCF900114305	Proteobacteria
GCF001637565	Actinobacteria
GCF000765905	Proteobacteria
GCF000297055	Proteobacteria
GCF001558695	Proteobacteria
GCF900142385	Proteobacteria
GCF001550095	Proteobacteria
GCF001182745	Actinobacteria
GCF000442315	Proteobacteria
GCF000304215	Actinobacteria
GCF001559015	Proteobacteria
GCF000300135	Firmicutes
GCF001282685	Firmicutes
GCF900109685	Bacteroidetes
GCF001854475	Proteobacteria
GCF900112595	Bacteroidetes
GCF900177335	Actinobacteria
GCF000181475	Planctomycetes
GCF001046955	Proteobacteria
GCF000225465	Proteobacteria
GCF001886615	not_annotated
GCF000168715	not_annotated
GCF000764185	Proteobacteria
GCF001405015	Firmicutes
GCF002160865	Firmicutes
GCF000426925	not_annotated
GCF900107735	Actinobacteria
GCF000518665	Proteobacteria
GCF000196255	Proteobacteria
GCF000413015	Spirochaetes
GCF001611555	Firmicutes
GCF000455605	Bacteroidetes
GCF000769915	Bacteroidetes
GCF900108955	Bacteroidetes
GCF000426505	Proteobacteria
GCF900143255	Proteobacteria
GCF001189575	Firmicutes
GCF900176505	Bacteroidetes
GCF000744185	Firmicutes
GCF000750635	Firmicutes
GCF000164865	Proteobacteria
GCF000011025	Actinobacteria
GCF000511955	Firmicutes
GCF000723405	Proteobacteria
GCF900167135	Bacteroidetes
GCF001592265	Proteobacteria
GCF000585395	not_annotated
GCF001630765	Actinobacteria
GCF900101395	Bacteroidetes
GCF002104475	Proteobacteria
GCF000212735	Bacteroidetes
GCF900087055	Proteobacteria
GCF000583695	Firmicutes
GCF001698145	Firmicutes
GCF001932615	Firmicutes
GCF001274915	Firmicutes
GCF000525635	Actinobacteria
GCF000155205	Firmicutes
GCF001189965	Proteobacteria
GCF900142125	Proteobacteria
GCF000420265	Proteobacteria
GCF000146185	Firmicutes
GCF000473995	Firmicutes
GCF001702135	Firmicutes
GCF000445125	Proteobacteria
GCF000021325	Proteobacteria
GCF000797495	Firmicutes
GCF900142075	Firmicutes
GCF000146855	Firmicutes
GCF000733765	Proteobacteria
GCF000013325	Proteobacteria
GCF900142205	Bacteroidetes
GCF000744225	Actinobacteria
GCF001418015	Bacteroidetes
GCF002224225	not_annotated
GCF000731315	Proteobacteria
GCF001951155	Bacteroidetes
GCF900156615	Firmicutes
GCF001189295	Proteobacteria
GCF000715505	Proteobacteria
GCF000023785	Proteobacteria
GCF000383955	Bacteroidetes
GCF000017305	Actinobacteria
GCF900129975	Proteobacteria
GCF000428945	Actinobacteria
GCF001888165	Proteobacteria
GCF000299335	Proteobacteria
GCF000238215	Bacteroidetes
GCF000526495	Firmicutes
GCF000179595	Firmicutes
GCF000511305	Actinobacteria
GCF001708305	Firmicutes
GCF900156665	Actinobacteria
GCF002088935	Proteobacteria
GCF000422825	Actinobacteria
GCF002086815	Actinobacteria
GCF002209565	not_annotated
GCF000961095	Firmicutes
GCF000381125	Proteobacteria
GCF000428905	Proteobacteria
GCF001028705	Proteobacteria
GCF000463355	Firmicutes
GCF001647285	Bacteroidetes
GCF900112895	Firmicutes
GCF000517085	Bacteroidetes
GCF002000025	Proteobacteria
GCF002155915	not_annotated
GCF000682715	Proteobacteria
GCF000011685	Proteobacteria
GCF001493375	Actinobacteria
GCF900148495	Firmicutes
GCF000069945	Actinobacteria
GCF001467695	Proteobacteria
GCF000009905	Firmicutes
GCF000258495	not_annotated
GCF000576425	Actinobacteria
GCF000007745	Proteobacteria
GCF900059565	Firmicutes
GCF900142445	Bacteroidetes
GCF000308355	Actinobacteria
GCF900111135	Firmicutes
GCF000974765	Proteobacteria
GCF000425365	Proteobacteria
GCF000600005	Proteobacteria
GCF900107675	Bacteroidetes
GCF000826125	Firmicutes
GCF000758685	Firmicutes
GCF000973625	Proteobacteria
GCF000196675	Actinobacteria
GCF000332115	Bacteroidetes
GCF000154285	Firmicutes
GCF900129245	Bacteroidetes
GCF001468005	Proteobacteria
GCF000971295	Proteobacteria
GCF000213555	Bacteroidetes
GCF000273175	Bacteroidetes
GCF000265405	Bacteroidetes
GCF000217675	Proteobacteria
GCF900163565	not_annotated
GCF000938265	Actinobacteria
GCF000521805	Proteobacteria
GCF000013745	Proteobacteria
GCF000355905	Bacteroidetes
GCF900113805	Bacteroidetes
GCF001467625	Proteobacteria
GCF900112545	Proteobacteria
GCF000226295	not_annotated
GCF000283015	Bacteroidetes
GCF000817955	Proteobacteria
GCF000971975	Firmicutes
GCF000214215	Proteobacteria
GCF001375655	Firmicutes
GCF000017585	Proteobacteria
GCF001742225	Proteobacteria
GCF001038625	Firmicutes
GCF000752095	not_annotated
GCF001634285	Firmicutes
GCF001270025	not_annotated
GCF900104195	Bacteroidetes
GCF900115865	Proteobacteria
GCF001678675	Bacteroidetes
GCF900177745	Actinobacteria
GCF001591545	Firmicutes
GCF900177275	Proteobacteria
GCF001310225	Bacteroidetes
GCF000013005	Proteobacteria
GCF002102115	Actinobacteria
GCF001654455	Bacteroidetes
GCF001467535	Proteobacteria
GCF001437355	Firmicutes
GCF900163545	not_annotated
GCF900106845	Firmicutes
GCF000723165	Proteobacteria
GCF000146345	Firmicutes
GCF000297775	Proteobacteria
GCF900101825	Proteobacteria
GCF900141925	Proteobacteria
GCF002028405	Proteobacteria
GCF900111235	Firmicutes
GCF900102625	Proteobacteria
GCF900188445	not_annotated
GCF000935165	Proteobacteria
GCF002086175	Actinobacteria
GCF002197845	not_annotated
GCF000585625	Proteobacteria
GCF000011465	not_annotated
GCF000701445	Proteobacteria
GCF000178855	Chloroflexi
GCF000160615	Actinobacteria
GCF000158655	Firmicutes
GCF002119765	Proteobacteria
GCF001418495	not_annotated
GCF001418475	not_annotated
GCF001855385	Firmicutes
GCF000409775	Proteobacteria
GCF001047375	Firmicutes
GCF000225345	Firmicutes
GCF900100085	Proteobacteria
GCF000698595	Proteobacteria
GCF000160875	Firmicutes
GCF900112335	Proteobacteria
GCF000577555	Actinobacteria
GCF000189415	Bacteroidetes
GCF001548015	Proteobacteria
GCF001687565	Firmicutes
GCF000523235	Actinobacteria
GCF000008045	Proteobacteria
GCF000260985	Proteobacteria
GCF000701705	Proteobacteria
GCF001748225	Proteobacteria
GCF900155965	Bacteroidetes
GCF000165735	Firmicutes
GCF900113765	Bacteroidetes
GCF000718255	Actinobacteria
GCF001563225	Proteobacteria
GCF000380185	Proteobacteria
GCF001927245	Proteobacteria
GCF000183135	Bacteroidetes
GCF001746835	not_annotated
GCF000317125	not_annotated
GCF900109955	Proteobacteria
GCF900167405	Firmicutes
GCF001466665	Chloroflexi
GCF000159235	Actinobacteria
GCF001310775	not_annotated
GCF000007365	Proteobacteria
GCF000956535	Actinobacteria
GCF900169565	Nitrospirae
GCF900089565	Bacteroidetes
GCF001437175	Firmicutes
GCF000521865	Proteobacteria
GCF000970735	Firmicutes
GCF000312125	Actinobacteria
GCF900105885	Proteobacteria
GCF000971175	Actinobacteria
GCF900089585	Actinobacteria
GCF001605015	Proteobacteria
GCF001021555	Proteobacteria
GCF900167435	Actinobacteria
GCF000236665	Proteobacteria
GCF000518785	Proteobacteria
GCF000342045	Proteobacteria
GCF001632775	Proteobacteria
GCF001025175	Actinobacteria
GCF900103285	Bacteroidetes
GCF900114155	Proteobacteria
GCF001438805	Firmicutes
GCF001029505	Actinobacteria
GCF001304715	Firmicutes
GCF002074155	Firmicutes
GCF900162685	Firmicutes
GCF000177555	Firmicutes
GCF000964565	Proteobacteria
GCF000615945	Firmicutes
GCF001940455	Actinobacteria
GCF001483385	Bacteroidetes
GCF000746845	Bacteroidetes
GCF001534745	Proteobacteria
GCF900115185	Bacteroidetes
GCF000372745	Actinobacteria
GCF001007875	Proteobacteria
GCF900100395	Actinobacteria
GCF000372465	Actinobacteria
GCF000092925	Proteobacteria
GCF000626635	Bacteroidetes
GCF001902615	Actinobacteria
GCF000703005	Firmicutes
GCF000183545	Firmicutes
GCF001855565	Proteobacteria
GCF900112485	Firmicutes
GCF000332155	not_annotated
GCF001654435	Proteobacteria
GCF000686605	Firmicutes
GCF000024365	Actinobacteria
GCF001029265	Tenericutes
GCF001556105	Proteobacteria
GCF000382045	Proteobacteria
GCF001675355	Proteobacteria
GCF001632305	Firmicutes
GCF000164695	Actinobacteria
GCF002019705	Firmicutes
GCF000934845	Firmicutes
GCF000195295	Proteobacteria
GCF001941485	Actinobacteria
GCF000160435	Proteobacteria
GCF000018265	Actinobacteria
GCF001442615	Bacteroidetes
GCF000350485	Firmicutes
GCF000010625	not_annotated
GCF000317435	not_annotated
GCF900177325	Proteobacteria
GCF000725365	Firmicutes
GCF000422265	Bacteroidetes
GCF001547995	Proteobacteria
GCF000317285	not_annotated
GCF000420025	Actinobacteria
GCF900108455	Firmicutes
GCF002197665	not_annotated
GCF001467975	Proteobacteria
GCF001648175	Proteobacteria
GCF000422685	Bacteroidetes
GCF000469485	not_annotated
GCF000023025	Proteobacteria
GCF000737695	Bacteroidetes
GCF000612845	Firmicutes
GCF900114485	Proteobacteria
GCF000347775	Proteobacteria
GCF000430725	Proteobacteria
GCF001421015	Firmicutes
GCF000265465	Bacteroidetes
GCF000159995	Bacteroidetes
GCF001553115	Firmicutes
GCF000426385	Actinobacteria
GCF900172265	not_annotated
GCF000179615	Firmicutes
GCF001572925	Proteobacteria
GCF002075105	Firmicutes
GCF000425465	Bacteroidetes
GCF001458595	Firmicutes
GCF000420345	Firmicutes
GCF000383915	Actinobacteria
GCF000507865	Proteobacteria
GCF000711955	Proteobacteria
GCF900155585	Firmicutes
GCF000062885	Actinobacteria
GCF000987835	Proteobacteria
GCF000421745	Actinobacteria
GCF000235885	Bacteroidetes
GCF900141845	Firmicutes
GCF000426445	Actinobacteria
GCF000614025	Bacteroidetes
GCF000688655	Proteobacteria
GCF000510685	Proteobacteria
GCF001054195	Actinobacteria
GCF000092125	Deinococcus-Thermus
GCF000025705	Proteobacteria
GCF000524475	Actinobacteria
GCF900110065	Proteobacteria
GCF900102145	Deinococcus-Thermus
GCF000308295	Proteobacteria
GCF900116935	Firmicutes
GCF001592125	Actinobacteria
GCF000969605	Proteobacteria
GCF002210095	not_annotated
GCF000019345	Tenericutes
GCF001463885	Proteobacteria
GCF000427625	Proteobacteria
GCF900162665	Firmicutes
GCF000010305	not_annotated
GCF000509365	Proteobacteria
GCF000175215	Proteobacteria
GCF000807275	Proteobacteria
GCF000192575	Proteobacteria
GCF002013915	Bacteroidetes
GCF000744735	Proteobacteria
GCF001584185	Proteobacteria
GCF900113375	Bacteroidetes
GCF001652485	Proteobacteria
GCF001419695	not_annotated
GCF000702485	Firmicutes
GCF900129495	Actinobacteria
GCF000487995	Deferribacteres
GCF000758665	Firmicutes
GCF000015285	Proteobacteria
GCF001941825	Proteobacteria
GCF000733125	Proteobacteria
GCF000488855	Firmicutes
GCF900105255	Proteobacteria
GCF000426645	Actinobacteria
GCF000709085	Firmicutes
GCF000718085	Actinobacteria
GCF900115655	Proteobacteria
GCF000761445	Proteobacteria
GCF000954135	Proteobacteria
GCF000568815	Proteobacteria
GCF900177475	Proteobacteria
GCF000014445	Firmicutes
GCF000231445	Proteobacteria
GCF000964365	not_annotated
GCF000259275	Proteobacteria
GCF000428885	not_annotated
GCF000986785	Firmicutes
GCF900120375	not_annotated
GCF900104945	Proteobacteria
GCF000445475	Proteobacteria
GCF001654915	Proteobacteria
GCF000226215	Actinobacteria
GCF001007995	Deinococcus-Thermus
GCF900115705	Proteobacteria
GCF000745965	not_annotated
GCF000981765	Proteobacteria
GCF000018665	Proteobacteria
GCF001594005	Firmicutes
GCF001941345	Actinobacteria
GCF002073715	Proteobacteria
GCF002115725	Proteobacteria
GCF900142365	Actinobacteria
GCF002209165	Firmicutes
GCF000982825	Proteobacteria
GCF000425425	Bacteroidetes
GCF000019845	Proteobacteria
GCF000020625	Chlorobi
GCF000166135	Actinobacteria
GCF001653335	Actinobacteria
GCF000365025	Proteobacteria
GCF002020805	Proteobacteria
GCF001432245	Firmicutes
GCF001420285	Bacteroidetes
GCF000497245	Firmicutes
GCF000717025	Actinobacteria
GCF000306785	Actinobacteria
GCF001005215	Proteobacteria
GCF900167475	Actinobacteria
GCF000023225	Proteobacteria
GCF001029285	Firmicutes
GCF000336555	Proteobacteria
GCF000688255	Proteobacteria
GCF001420715	Firmicutes
GCF001021025	Actinobacteria
GCF000385335	Proteobacteria
GCF000196395	Proteobacteria
GCF000712035	Firmicutes
GCF001704155	Proteobacteria
GCF000178815	Proteobacteria
GCF000154725	Bacteroidetes
GCF000233695	Proteobacteria
GCF000299355	Firmicutes
GCF000953215	Firmicutes
GCF001907235	Actinobacteria
GCF900142575	Actinobacteria
GCF900129205	Proteobacteria
GCF000512895	Firmicutes
GCF000379805	Bacteroidetes
GCF000013765	Proteobacteria
GCF000421545	Actinobacteria
GCF001457025	Actinobacteria
GCF900155935	Proteobacteria
GCF000702585	Firmicutes
GCF000829465	Firmicutes
GCF000374465	not_annotated
GCF000740795	Proteobacteria
GCF000186425	Proteobacteria
GCF001441535	Proteobacteria
GCF000218235	Bacteroidetes
GCF900096905	Firmicutes
GCF900107725	Proteobacteria
GCF000196275	Deinococcus-Thermus
GCF900115465	Firmicutes
GCF900113685	Actinobacteria
GCF000156035	Firmicutes
GCF000169255	Firmicutes
GCF000764165	Actinobacteria
GCF002153425	Firmicutes
GCF001723355	Proteobacteria
GCF900129295	Bacteroidetes
GCF001278055	Proteobacteria
GCF000156055	Firmicutes
GCF001418335	not_annotated
GCF000237805	Synergistetes
GCF001006805	Proteobacteria
GCF001465255	Firmicutes
GCF002119215	Actinobacteria
GCF900129005	Bacteroidetes
GCF000023745	Proteobacteria
GCF000969835	Bacteroidetes
GCF900116565	Bacteroidetes
GCF000187895	Bacteroidetes
GCF000621325	Proteobacteria
GCF000172155	Verrucomicrobia
GCF000429765	Proteobacteria
GCF000367345	Proteobacteria
GCF000265385	Bacteroidetes
GCF900188375	not_annotated
GCF001637225	Firmicutes
GCF001707825	Proteobacteria
GCF900168035	Proteobacteria
GCF001729725	Proteobacteria
GCF900176595	Bacteroidetes
GCF000702505	Chloroflexi
GCF001884735	Proteobacteria
GCF900172255	not_annotated
GCF001046645	Proteobacteria
GCF000185965	Proteobacteria
GCF000970465	not_annotated
GCF001263175	Proteobacteria
GCF000224335	Bacteroidetes
GCF000466945	Proteobacteria
GCF000384115	Actinobacteria
GCF000272005	Proteobacteria
GCF001182045	Proteobacteria
GCF000346615	Bacteroidetes
GCF900115015	Bacteroidetes
GCF002086395	Actinobacteria
GCF000403355	Actinobacteria
GCF002205635	not_annotated
GCF000147355	Proteobacteria
GCF001499655	Chlamydiae
GCF900102185	Acidobacteria
GCF000756775	Proteobacteria
GCF001190945	Actinobacteria
GCF001735765	Firmicutes
GCF900111355	Firmicutes
GCF000092825	Actinobacteria
GCF000720925	Actinobacteria
GCF000420105	not_annotated
GCF002207865	not_annotated
GCF001598495	Proteobacteria
GCF001894885	Actinobacteria
GCF001639105	Proteobacteria
GCF000709935	Firmicutes
GCF000970675	Firmicutes
GCF000153905	Firmicutes
GCF900114705	Proteobacteria
GCF002028545	Proteobacteria
GCF900172225	not_annotated
GCF000430705	Actinobacteria
GCF900128485	Proteobacteria
GCF900169495	Firmicutes
GCF000422725	Bacteroidetes
GCF002157505	not_annotated
GCF000231305	Actinobacteria
GCF000420465	Proteobacteria
GCF900105995	Proteobacteria
GCF000398925	Firmicutes
GCF000213575	Bacteroidetes
GCF000953855	Proteobacteria
GCF001953055	Proteobacteria
GCF001754075	Firmicutes
GCF000215105	Actinobacteria
GCF000020225	Verrucomicrobia
GCF900107645	Proteobacteria
GCF000255655	Planctomycetes
GCF000238795	Proteobacteria
GCF900107045	Actinobacteria
GCF900143085	Firmicutes
GCF900115165	Proteobacteria
GCF001553545	Bacteroidetes
GCF001039045	Firmicutes
GCF001418655	not_annotated
GCF000271305	Proteobacteria
GCF900089125	Actinobacteria
GCF900115585	Proteobacteria
GCF000829035	Firmicutes
GCF000510425	Firmicutes
GCF900105765	Actinobacteria
GCF000171775	not_annotated
GCF000376545	Proteobacteria
GCF900105025	Actinobacteria
GCF000429665	Proteobacteria
GCF900103695	Firmicutes
GCF000832305	Proteobacteria
GCF000695835	Tenericutes
GCF900114415	Proteobacteria
GCF001590605	Bacteroidetes
GCF001515525	not_annotated
GCF000316515	not_annotated
GCF900142665	Proteobacteria
GCF000152985	Bacteroidetes
GCF000296505	Actinobacteria
GCF002079945	Proteobacteria
GCF900113695	Proteobacteria
GCF900104205	Proteobacteria
GCF000613925	Bacteroidetes
GCF001298525	Proteobacteria
GCF001476695	Proteobacteria
GCF000426465	Bacteroidetes
GCF000331735	Proteobacteria
GCF000620105	Proteobacteria
GCF001484935	Proteobacteria
GCF000178875	Proteobacteria
GCF900115905	Proteobacteria
GCF900142325	Bacteroidetes
GCF900142105	Firmicutes
GCF000017465	Proteobacteria
GCF001571775	Firmicutes
GCF000292245	Firmicutes
GCF000315505	Firmicutes
GCF001722355	not_annotated
GCF000421165	Proteobacteria
GCF001676655	Proteobacteria
GCF900142065	Actinobacteria
GCF001591645	Firmicutes
GCF000382165	Proteobacteria
GCF000321025	Firmicutes
GCF900156515	Proteobacteria
GCF000828615	Proteobacteria
GCF002224365	not_annotated
GCF000286435	Proteobacteria
GCF002215135	Proteobacteria
GCF900104485	Proteobacteria
GCF000010165	Firmicutes
GCF001552155	not_annotated
GCF001039475	Firmicutes
GCF000379985	Firmicutes
GCF900168055	Bacteroidetes
GCF000225325	Firmicutes
GCF000737865	Actinobacteria
GCF000092645	Actinobacteria
GCF000015745	Firmicutes
GCF001476815	Proteobacteria
GCF900110105	Bacteroidetes
GCF001571085	not_annotated
GCF000421845	Actinobacteria
GCF900112345	Actinobacteria
GCF001747425	Actinobacteria
GCF001989575	Firmicutes
GCF001650715	Proteobacteria
GCF001507645	Bacteroidetes
GCF001580455	Proteobacteria
GCF001007935	Proteobacteria
GCF900172375	not_annotated
GCF001286805	Firmicutes
GCF000469625	Firmicutes
GCF001247745	Actinobacteria
GCF001590685	Firmicutes
GCF001816165	not_annotated
GCF000744555	Bacteroidetes
GCF001704615	Proteobacteria
GCF900109455	Proteobacteria
GCF000407185	Firmicutes
GCF000743535	Proteobacteria
GCF900115065	Proteobacteria
GCF000621145	Proteobacteria
GCF900162695	Firmicutes
GCF001294535	Proteobacteria
GCF000757785	Proteobacteria
GCF001758465	Proteobacteria
GCF000427885	Actinobacteria
GCF001636345	Firmicutes
GCF000318135	Actinobacteria
GCF000376805	Proteobacteria
GCF900098805	Actinobacteria
GCF000382305	Proteobacteria
GCF000265425	Acidobacteria
GCF000384195	Firmicutes
GCF900099695	Proteobacteria
GCF900130035	Bacteroidetes
GCF000745655	Proteobacteria
GCF000423145	Firmicutes
GCF001484065	Proteobacteria
GCF000802385	Proteobacteria
GCF000425585	Bacteroidetes
GCF900105655	Proteobacteria
GCF001619955	Proteobacteria
GCF000341395	Proteobacteria
GCF000234115	Bacteroidetes
GCF900100775	Firmicutes
GCF000008025	Proteobacteria
GCF000314995	Proteobacteria
GCF000155555	not_annotated
GCF000759055	Actinobacteria
GCF001941975	Firmicutes
GCF900142395	Bacteroidetes
GCF001543285	Firmicutes
GCF000183405	Deferribacteres
GCF002104455	Proteobacteria
GCF900104575	Firmicutes
GCF001517915	Fusobacteria
GCF000803645	Proteobacteria
GCF000785435	Proteobacteria
GCF000967895	Proteobacteria
GCF000397205	Proteobacteria
GCF900102695	Proteobacteria
GCF000730385	Proteobacteria
GCF000018105	not_annotated
GCF000420545	Proteobacteria
GCF900102685	Firmicutes
GCF001439665	Bacteroidetes
GCF000400735	Proteobacteria
GCF000411115	Bacteroidetes
GCF002022685	Proteobacteria
GCF000287055	Proteobacteria
GCF000974805	Actinobacteria
GCF900105715	Actinobacteria
GCF001458195	Proteobacteria
GCF001693415	Bacteroidetes
GCF000230695	Proteobacteria
GCF000373105	Bacteroidetes
GCF900162675	Proteobacteria
GCF000691385	Tenericutes
GCF001050155	Proteobacteria
GCF900113665	Planctomycetes
GCF000010065	not_annotated
GCF900176425	Bacteroidetes
GCF900156675	Proteobacteria
GCF001757355	Proteobacteria
GCF000317145	not_annotated
GCF000218565	Proteobacteria
GCF900143515	Actinobacteria
GCF000750535	Firmicutes
GCF000246855	Bacteroidetes
GCF002101995	Actinobacteria
GCF000974685	Proteobacteria
GCF000585235	Proteobacteria
GCF001531445	Firmicutes
GCF000236865	Actinobacteria
GCF000935065	Proteobacteria
GCF900116905	Actinobacteria
GCF000378245	Proteobacteria
GCF000767165	not_annotated
GCF000010185	Firmicutes
GCF001685465	Proteobacteria
GCF000158615	Proteobacteria
GCF001653755	Bacteroidetes
GCF001447195	not_annotated
GCF900172295	not_annotated
GCF900119165	Actinobacteria
GCF000374445	Actinobacteria
GCF000525955	Firmicutes
GCF000511175	Bacteroidetes
GCF000744285	Firmicutes
GCF000696185	Actinobacteria
GCF000455265	Firmicutes
GCF000430825	Bacteroidetes
GCF001618385	Bacteroidetes
GCF001542775	Actinobacteria
GCF001302565	not_annotated
GCF000157935	Bacteroidetes
GCF001907655	Actinobacteria
GCF000763805	Proteobacteria
GCF000585415	not_annotated
GCF000488255	Proteobacteria
GCF000703125	Firmicutes
GCF000243135	Firmicutes
GCF000956525	Actinobacteria
GCF000242455	Planctomycetes
GCF000305785	Proteobacteria
GCF001553605	Proteobacteria
GCF900129705	Bacteroidetes
GCF001695395	Proteobacteria
GCF000159315	Firmicutes
GCF001295265	Bacteroidetes
GCF000172095	Proteobacteria
GCF000465555	Proteobacteria
GCF001543105	Firmicutes
GCF000297025	Firmicutes
GCF900106695	Proteobacteria
GCF900096945	Firmicutes
GCF000620165	Firmicutes
GCF000208405	Firmicutes
GCF002108495	Proteobacteria
GCF000307105	Proteobacteria
GCF900090265	not_annotated
GCF000304395	Proteobacteria
GCF002234495	Bacteroidetes
GCF900104305	Proteobacteria
GCF001921215	Actinobacteria
GCF000374045	Bacteroidetes
GCF000455245	Actinobacteria
GCF000196355	Proteobacteria
GCF000092505	Firmicutes
GCF000317695	not_annotated
GCF000413035	Spirochaetes
GCF000327285	Firmicutes
GCF002017865	Proteobacteria
GCF002015115	Proteobacteria
GCF000425345	Proteobacteria
GCF001709315	Proteobacteria
GCF900142375	Firmicutes
GCF001070855	Actinobacteria
GCF001591585	Firmicutes
GCF000255535	Proteobacteria
GCF002218245	not_annotated
GCF001312505	Firmicutes
GCF000429885	Actinobacteria
GCF001483745	Actinobacteria
GCF000364865	Actinobacteria
GCF000800295	Firmicutes
GCF000204645	Proteobacteria
GCF000347635	Proteobacteria
GCF000192475	Proteobacteria
GCF900167455	Proteobacteria
GCF900188425	not_annotated
GCF000611675	Bacteroidetes
GCF000157955	Firmicutes
GCF000751555	Firmicutes
GCF000622325	Proteobacteria
GCF000767055	Actinobacteria
GCF001642655	Firmicutes
GCF000429325	Proteobacteria
GCF001570885	Actinobacteria
GCF001886715	Actinobacteria
GCF000091465	Proteobacteria
GCF001894765	Actinobacteria
GCF001461035	Firmicutes
GCF000752395	Firmicutes
GCF001544455	Proteobacteria
GCF001294205	Proteobacteria
GCF000308195	Proteobacteria
GCF001562115	Proteobacteria
GCF000285555	Firmicutes
GCF001940285	Firmicutes
GCF001294365	not_annotated
GCF002067135	Bacteroidetes
GCF000381765	Actinobacteria
GCF000816495	Proteobacteria
GCF900108855	Bacteroidetes
GCF900142955	Firmicutes
GCF001570525	Actinobacteria
GCF000741785	Actinobacteria
GCF001723295	not_annotated
GCF000519045	Proteobacteria
GCF000686665	Firmicutes
GCF900142805	Firmicutes
GCF000014265	not_annotated
GCF000877395	Proteobacteria
GCF000243235	Bacteroidetes
GCF000420325	Proteobacteria
GCF000488195	Proteobacteria
GCF000482725	Proteobacteria
GCF000332215	not_annotated
GCF000756655	Proteobacteria
GCF001486665	Firmicutes
GCF900111775	not_annotated
GCF000647975	Proteobacteria
GCF000421185	Actinobacteria
GCF000154785	Proteobacteria
GCF000245775	Firmicutes
GCF000024925	Actinobacteria
GCF900090305	not_annotated
GCF000342165	Proteobacteria
GCF000264765	Proteobacteria
GCF000615975	Proteobacteria
GCF000225705	Actinobacteria
GCF002025645	Actinobacteria
GCF000376585	Proteobacteria
GCF001753595	Proteobacteria
GCF000240075	Bacteroidetes
GCF000368865	Proteobacteria
GCF000178255	Firmicutes
GCF000026125	Proteobacteria
GCF001027865	Proteobacteria
GCF000982715	Actinobacteria
GCF000621525	Proteobacteria
GCF000975055	Actinobacteria
GCF900167075	Bacteroidetes
GCF001591625	Firmicutes
GCF000934705	Proteobacteria
GCF000234585	Actinobacteria
GCF000020025	not_annotated
GCF000687955	Firmicutes
GCF000826145	Firmicutes
GCF000741135	Actinobacteria
GCF001305595	Proteobacteria
GCF000205165	Bacteroidetes
GCF900100885	Actinobacteria
GCF000420805	Actinobacteria
GCF000264455	Proteobacteria
GCF000191065	Bacteroidetes
GCF000091125	Proteobacteria
GCF000763295	Proteobacteria
GCF001617605	Firmicutes
GCF000474725	Proteobacteria
GCF000227745	Proteobacteria
GCF000311865	Firmicutes
GCF900070355	Actinobacteria
GCF000380335	Proteobacteria
GCF000422805	Actinobacteria
GCF001556675	not_annotated
GCF900107235	Proteobacteria
GCF001403875	Firmicutes
GCF900105215	Firmicutes
GCF001483765	Actinobacteria
GCF900104115	Firmicutes
GCF001575205	Actinobacteria
GCF001258055	Proteobacteria
GCF000024345	Actinobacteria
GCF001693675	Actinobacteria
GCF900167905	Bacteroidetes
GCF900114245	Proteobacteria
GCF001273775	Nitrospirae
GCF900107685	Proteobacteria
GCF001299475	Firmicutes
GCF900129405	Bacteroidetes
GCF000724775	Firmicutes
GCF900116045	Proteobacteria
GCF000527135	Proteobacteria
GCF001629795	Firmicutes
GCF000056065	Firmicutes
GCF900102505	Proteobacteria
GCF000196135	Proteobacteria
GCF000234355	Proteobacteria
GCF900111405	Firmicutes
GCF001612885	Actinobacteria
GCF001648555	Firmicutes
GCF001598915	Actinobacteria
GCF000379625	Actinobacteria
GCF000218545	Actinobacteria
GCF000191545	Firmicutes
GCF001403795	Proteobacteria
GCF000194605	Bacteroidetes
GCF002222615	Bacteroidetes
GCF001318345	Bacteroidetes
GCF900129745	Bacteroidetes
GCF000384315	Actinobacteria
GCF000970455	Proteobacteria
GCF000482805	Deinococcus-Thermus
GCF001676705	Proteobacteria
GCF000390185	Bacteroidetes
GCF002008345	Firmicutes
GCF900010755	Actinobacteria
GCF900187365	not_annotated
GCF000466245	Actinobacteria
GCF900106785	Bacteroidetes
GCF001263795	Firmicutes
GCF000331535	Bacteroidetes
GCF000212915	Bacteroidetes
GCF000381365	Bacteroidetes
GCF000744885	Deinococcus-Thermus
GCF900119845	Proteobacteria
GCF900119145	Bacteroidetes
GCF900102875	Proteobacteria
GCF001274715	Firmicutes
GCF000145255	Proteobacteria
GCF000317475	not_annotated
GCF900112585	Proteobacteria
GCF001591025	Proteobacteria
GCF001189495	Firmicutes
GCF000829675	Proteobacteria
GCF000429125	Bacteroidetes
GCF000697965	Proteobacteria
GCF001938945	Proteobacteria
GCF900166575	Firmicutes
GCF000266945	Proteobacteria
GCF001465875	Proteobacteria
GCF900129135	Firmicutes
GCF900172385	not_annotated
GCF000741715	Actinobacteria
GCF000299575	Proteobacteria
GCF000155955	Firmicutes
GCF001974985	Actinobacteria
GCF000420605	Actinobacteria
GCF001655685	Firmicutes
GCF000012585	Chlorobi
GCF000613805	Bacteroidetes
GCF001517975	Actinobacteria
GCF002102105	Actinobacteria
GCF900103845	Proteobacteria
GCF900116135	Actinobacteria
GCF000526735	Firmicutes
GCF001314245	Firmicutes
GCF002086405	Actinobacteria
GCF000375425	Balneolaeota
GCF000174015	Actinobacteria
GCF000166055	Proteobacteria
GCF000785495	Actinobacteria
GCF001644025	Proteobacteria
GCF000020385	Proteobacteria
GCF000210615	Firmicutes
GCF900177465	Proteobacteria
GCF900092335	Actinobacteria
GCF900156285	Firmicutes
GCF001293525	Proteobacteria
GCF000194985	Firmicutes
GCF001047075	Firmicutes
GCF002201315	not_annotated
GCF001436315	Firmicutes
GCF900111505	Firmicutes
GCF000014885	Proteobacteria
GCF000373745	Proteobacteria
GCF000621445	Firmicutes
GCF000014185	Actinobacteria
GCF000632805	Proteobacteria
GCF000012885	Proteobacteria
GCF000559025	Proteobacteria
GCF900107165	Proteobacteria
GCF001267535	Proteobacteria
GCF001553625	Proteobacteria
GCF000298195	Actinobacteria
GCF900113065	Proteobacteria
GCF000503895	Proteobacteria
GCF000519325	Actinobacteria
GCF002155695	not_annotated
GCF000426705	Spirochaetes
GCF001307195	Proteobacteria
GCF000215705	Proteobacteria
GCF000807675	Firmicutes
GCF900100125	Firmicutes
GCF001667945	Actinobacteria
GCF900096585	Actinobacteria
GCF000196495	Proteobacteria
GCF000381725	Fusobacteria
GCF900167935	Bacteroidetes
GCF001015055	not_annotated
GCF900112035	Actinobacteria
GCF900109375	Bacteroidetes
GCF000153465	Proteobacteria
GCF900110285	Proteobacteria
GCF001029445	Proteobacteria
GCF000384395	Proteobacteria
GCF000766945	Proteobacteria
GCF000455485	Firmicutes
GCF001610975	Proteobacteria
GCF900141885	Bacteroidetes
GCF000368825	Proteobacteria
GCF001418585	Actinobacteria
GCF001722485	Actinobacteria
GCF000067165	Proteobacteria
GCF000832905	Firmicutes
GCF000161935	Firmicutes
GCF000317105	not_annotated
GCF000712595	Firmicutes
GCF000832075	Bacteroidetes
GCF002157895	not_annotated
GCF000378765	Bacteroidetes
GCF001642995	Actinobacteria
GCF900103135	Firmicutes
GCF002104335	Proteobacteria
GCF900102315	Proteobacteria
GCF000739375	Proteobacteria
GCF000463665	Actinobacteria
GCF000195635	Bacteroidetes
GCF000744505	Proteobacteria
GCF001723285	Proteobacteria
GCF000153205	Proteobacteria
GCF000737315	Proteobacteria
GCF001314305	Proteobacteria
GCF001267175	Proteobacteria
GCF001902575	Fusobacteria
GCF000971195	Actinobacteria
GCF000504245	not_annotated
GCF001591265	Proteobacteria
GCF001968835	Actinobacteria
GCF900177415	Proteobacteria
GCF001437075	Firmicutes
GCF900096915	not_annotated
GCF900156685	Bacteroidetes
GCF001922025	Firmicutes
GCF000732535	Proteobacteria
GCF000463155	Proteobacteria
GCF000166395	Bacteroidetes
GCF000723465	Firmicutes
GCF001552975	Firmicutes
GCF900115715	Proteobacteria
GCF000185845	Bacteroidetes
GCF000279995	Proteobacteria
GCF000154225	Actinobacteria
GCF000423005	Bacteroidetes
GCF002240375	Firmicutes
GCF001270065	Proteobacteria
GCF900103455	Actinobacteria
GCF000614105	Bacteroidetes
GCF002119805	Firmicutes
GCF900142975	Bacteroidetes
GCF000155735	Proteobacteria
GCF900114675	Proteobacteria
GCF000951135	Proteobacteria
GCF000819865	Proteobacteria
GCF002211445	not_annotated
GCF000153925	Firmicutes
GCF001294625	Actinobacteria
GCF900129475	Bacteroidetes
GCF000691805	Firmicutes
GCF000478885	Actinobacteria
GCF000826685	Actinobacteria
GCF900114635	Proteobacteria
GCF001051995	Proteobacteria
GCF000953135	Proteobacteria
GCF000420305	Proteobacteria
GCF001715195	Balneolaeota
GCF000240225	not_annotated
GCF000517545	Bacteroidetes
GCF000157915	Bacteroidetes
GCF000185365	Firmicutes
GCF002102395	Actinobacteria
GCF000359605	Firmicutes
GCF900111115	Proteobacteria
GCF900112555	Actinobacteria
GCF900112105	Bacteroidetes
GCF002101395	Proteobacteria
GCF002116905	Proteobacteria
GCF900156725	Bacteroidetes
GCF900129545	Bacteroidetes
GCF001547755	Proteobacteria
GCF001444405	Proteobacteria
GCF000091565	Proteobacteria
GCF000975095	Actinobacteria
GCF001703635	Proteobacteria
GCF000807255	Firmicutes
GCF000612125	Firmicutes
GCF001483865	Proteobacteria
GCF000763535	Proteobacteria
GCF000525655	Actinobacteria
GCF000477555	Actinobacteria
GCF000173795	not_annotated
GCF000758965	Actinobacteria
GCF000429445	Bacteroidetes
GCF900112455	Firmicutes
GCF001661915	Proteobacteria
GCF000166195	Bacteroidetes
GCF000224715	Actinobacteria
GCF000019785	Proteobacteria
GCF000981035	Firmicutes
GCF900155535	not_annotated
GCF000785705	Proteobacteria
GCF000380645	Actinobacteria
GCF000190695	Proteobacteria
GCF000702665	Proteobacteria
GCF001592745	Proteobacteria
GCF001748285	Chloroflexi
GCF000821105	Proteobacteria
GCF900156875	Firmicutes
GCF001667375	Actinobacteria
GCF000219805	Firmicutes
GCF900112395	Bacteroidetes
GCF000818015	Proteobacteria
GCF001436645	Firmicutes
GCF900172215	not_annotated
GCF900104645	Firmicutes
GCF001280875	Firmicutes
GCF000696365	Proteobacteria
GCF000403135	Bacteroidetes
GCF000591415	Proteobacteria
GCF000239275	Firmicutes
GCF000380485	Actinobacteria
GCF000468015	Firmicutes
GCF000010505	Bacteroidetes
GCF000018885	Actinobacteria
GCF000016765	Proteobacteria
GCF000283235	Proteobacteria
GCF000740015	Proteobacteria
GCF900114825	Proteobacteria
GCF900156865	Firmicutes
GCF002167005	not_annotated
GCF000262545	Bacteroidetes
GCF000711245	Proteobacteria
GCF000620065	Deinococcus-Thermus
GCF000378125	Proteobacteria
GCF000499785	Bacteroidetes
GCF000024005	Bacteroidetes
GCF001751255	Actinobacteria
GCF000093025	Proteobacteria
GCF000183725	Proteobacteria
GCF900156315	Actinobacteria
GCF001643245	Firmicutes
GCF000018585	not_annotated
GCF000248095	Firmicutes
GCF001879715	Proteobacteria
GCF001619695	Proteobacteria
GCF900107135	Bacteroidetes
GCF001046875	Actinobacteria
GCF000072485	Proteobacteria
GCF000296445	not_annotated
GCF000179915	Acidobacteria
GCF000744825	Firmicutes
GCF001720485	Proteobacteria
GCF900128995	Proteobacteria
GCF000172635	Proteobacteria
GCF000156575	Firmicutes
GCF002117105	Proteobacteria
GCF000024985	not_annotated
GCF000265295	Proteobacteria
GCF900105005	Proteobacteria
GCF900143695	Proteobacteria
GCF001454945	Firmicutes
GCF001639725	Proteobacteria
GCF000070465	Proteobacteria
GCF000425825	Firmicutes
GCF000196815	Nitrospirae
GCF900129155	Proteobacteria
GCF001939075	Firmicutes
GCF001314995	Bacteroidetes
GCF000939975	Proteobacteria
GCF001544615	Proteobacteria
GCF000767175	not_annotated
GCF000420665	Proteobacteria
GCF001517935	Fusobacteria
GCF002160535	not_annotated
GCF002081795	Actinobacteria
GCF000190755	Proteobacteria
GCF000746085	Proteobacteria
GCF000473245	Firmicutes
GCF000812875	Bacteroidetes
GCF000172555	Verrucomicrobia
GCF000188175	Firmicutes
GCF000807215	Proteobacteria
GCF001456065	Firmicutes
GCF000379725	Bacteroidetes
GCF001293125	Actinobacteria
GCF001586255	Proteobacteria
GCF900107855	Proteobacteria
GCF000826645	Bacteroidetes
GCF002015075	Proteobacteria
GCF001888185	Proteobacteria
GCF900142085	Proteobacteria
GCF900113875	Proteobacteria
GCF000380505	Proteobacteria
GCF000566685	Bacteroidetes
GCF000258405	not_annotated
GCF000284075	Proteobacteria
GCF900102025	Actinobacteria
GCF000019945	Proteobacteria
GCF001553195	Tenericutes
GCF000154845	Bacteroidetes
GCF900105065	Actinobacteria
GCF001552635	Actinobacteria
GCF001515545	Proteobacteria
GCF000376825	Actinobacteria
GCF002013645	Actinobacteria
GCF000255295	Proteobacteria
GCF000364225	Firmicutes
GCF001996165	Proteobacteria
GCF001407835	Firmicutes
GCF001931685	Proteobacteria
GCF001439635	Firmicutes
GCF000971275	Proteobacteria
GCF000733725	Proteobacteria
GCF000952155	not_annotated
GCF001975665	Bacteroidetes
GCF000759795	Proteobacteria
GCF000264295	Proteobacteria
GCF002087015	Actinobacteria
GCF000430845	Bacteroidetes
GCF000230555	Proteobacteria
GCF001431645	Proteobacteria
GCF000308835	not_annotated
GCF000367205	Actinobacteria
GCF001921205	Actinobacteria
GCF000717175	Actinobacteria
GCF000511355	Proteobacteria
GCF900167415	Fibrobacteres
GCF001592945	Bacteroidetes
GCF001418345	Proteobacteria
GCF900176635	Firmicutes
GCF000314875	not_annotated
GCF000382125	Bacteroidetes
GCF001475935	Proteobacteria
GCF000012425	Proteobacteria
GCF900187395	not_annotated
GCF900096955	Proteobacteria
GCF000017565	Proteobacteria
GCF001677275	Proteobacteria
GCF000756665	Proteobacteria
GCF000160675	Firmicutes
GCF000754275	Proteobacteria
GCF900141665	Bacteroidetes
GCF000963945	Proteobacteria
GCF900155625	not_annotated
GCF900115395	Actinobacteria
GCF000220215	Bacteroidetes
GCF000231385	Firmicutes
GCF001042675	Actinobacteria
GCF900142265	Firmicutes
GCF001553565	Actinobacteria
GCF001969365	Proteobacteria
GCF000013285	Firmicutes
GCF001263355	Firmicutes
GCF000252165	Proteobacteria
GCF001552075	Actinobacteria
GCF000092245	Proteobacteria
GCF000511775	Bacteroidetes
GCF002102095	Actinobacteria
GCF900128955	Firmicutes
GCF000328305	not_annotated
GCF900113035	Proteobacteria
GCF900120345	Firmicutes
GCF001894985	Actinobacteria
GCF900142985	Proteobacteria
GCF000813345	Proteobacteria
GCF001045555	Proteobacteria
GCF002150765	not_annotated
GCF001552435	not_annotated
GCF000312445	Bacteroidetes
GCF900112995	Firmicutes
GCF900106565	Bacteroidetes
GCF001722335	Actinobacteria
GCF000293805	Firmicutes
GCF000429605	Proteobacteria
GCF900110345	Firmicutes
GCF000510805	Proteobacteria
GCF900099815	Bacteroidetes
GCF900119495	Actinobacteria
GCF000381085	Proteobacteria
GCF000024285	Firmicutes
GCF900105045	Actinobacteria
GCF000174895	Firmicutes
GCF002101905	Actinobacteria
GCF000425185	Proteobacteria
GCF000688395	Actinobacteria
GCF000735105	Bacteroidetes
GCF001936235	Firmicutes
GCF001017435	Proteobacteria
GCF002205845	not_annotated
GCF000770305	Proteobacteria
GCF900095865	Firmicutes
GCF900109295	Proteobacteria
GCF000024025	Actinobacteria
GCF000401215	not_annotated
GCF000285495	Firmicutes
GCF000163775	Proteobacteria
GCF900110615	Bacteroidetes
GCF000806415	Proteobacteria
GCF001519075	Proteobacteria
GCF001273845	Actinobacteria
GCF000816845	Proteobacteria
GCF000952855	Bacteroidetes
GCF000226875	Proteobacteria
GCF000341125	not_annotated
GCF900106665	Proteobacteria
GCF001592965	Bacteroidetes
GCF002056725	Proteobacteria
GCF900177715	not_annotated
GCF900167975	Bacteroidetes
GCF900101465	Actinobacteria
GCF000213975	Firmicutes
GCF900109365	Bacteroidetes
GCF000730165	not_annotated
GCF001683355	Bacteroidetes
GCF900101505	Proteobacteria
GCF001202025	Proteobacteria
GCF900129365	Firmicutes
GCF000170755	Lentisphaerae
GCF001457835	Firmicutes
GCF900110115	Proteobacteria
GCF000346295	not_annotated
GCF002217945	Firmicutes
GCF000236035	Proteobacteria
GCF001469025	Actinobacteria
GCF001281465	Proteobacteria
GCF000383415	Proteobacteria
GCF002102185	Actinobacteria
GCF000155875	Firmicutes
GCF900111495	Bacteroidetes
GCF001484965	Firmicutes
GCF000803105	Bacteroidetes
GCF900108405	Proteobacteria
GCF000447675	Spirochaetes
GCF000210575	Bacteroidetes
GCF000007905	Proteobacteria
GCF000024965	Actinobacteria
GCF000023105	Actinobacteria
GCF000308655	Actinobacteria
GCF001904655	not_annotated
GCF000949455	Firmicutes
GCF000373385	Proteobacteria
GCF001831495	Proteobacteria
GCF000495435	Firmicutes
GCF001298135	Firmicutes
GCF000264315	Proteobacteria
GCF000600335	Proteobacteria
GCF000305495	Firmicutes
GCF900168195	Proteobacteria
GCF900114035	Actinobacteria
GCF000812685	Proteobacteria
GCF000147675	Firmicutes
GCF000178455	Actinobacteria
GCF000972865	Proteobacteria
GCF000411515	Proteobacteria
GCF001679005	Proteobacteria
GCF000190535	Bacteroidetes
GCF001262605	Firmicutes
GCF900099735	Actinobacteria
GCF002201475	not_annotated
GCF001434745	Firmicutes
GCF000176855	Proteobacteria
GCF001592105	Firmicutes
GCF000188035	Firmicutes
GCF000715015	Proteobacteria
GCF001017175	Proteobacteria
GCF002127965	Proteobacteria
GCF000582685	not_annotated
GCF000613345	Bacteroidetes
GCF000427825	Actinobacteria
GCF001708935	Proteobacteria
GCF001661965	Proteobacteria
GCF001579945	Proteobacteria
GCF000820845	not_annotated
GCF000333015	Actinobacteria
GCF000178975	Acidobacteria
GCF900111075	Bacteroidetes
GCF000497205	Actinobacteria
GCF001243895	Firmicutes
GCF000014145	Bacteroidetes
GCF000981525	Firmicutes
GCF000420505	Actinobacteria
GCF000516535	Fusobacteria
GCF001720165	Proteobacteria
GCF000376245	Actinobacteria
GCF000600975	Proteobacteria
GCF001705235	Firmicutes
GCF000621125	Bacteroidetes
GCF900143155	not_annotated
GCF002082905	Proteobacteria
GCF000159115	Actinobacteria
GCF000463505	Firmicutes
GCF000756615	Firmicutes
GCF000162575	Proteobacteria
GCF001677335	Proteobacteria
GCF000513115	Firmicutes
GCF000158195	Fusobacteria
GCF001297765	Proteobacteria
GCF000014125	Firmicutes
GCF000213935	Actinobacteria
GCF001717135	Firmicutes
GCF001403615	Firmicutes
GCF001026985	Proteobacteria
GCF001458415	Proteobacteria
GCF002222635	Proteobacteria
GCF001553005	Firmicutes
GCF000701405	Deinococcus-Thermus
GCF000165505	Fusobacteria
GCF000422305	Proteobacteria
GCF002142615	Proteobacteria
GCF000508165	Proteobacteria
GCF000422965	Proteobacteria
GCF000009145	Proteobacteria
GCF000718325	Actinobacteria
GCF000424625	Actinobacteria
GCF000243215	Bacteroidetes
GCF000371705	Firmicutes
GCF900101865	Proteobacteria
GCF001187435	Actinobacteria
GCF000520955	Bacteroidetes
GCF001467585	Proteobacteria
GCF001038485	Firmicutes
GCF900101895	Bacteroidetes
GCF000348905	Firmicutes
GCF000427405	Bacteroidetes
GCF000964085	Proteobacteria
GCF000967195	Firmicutes
GCF000741205	Actinobacteria
GCF900104655	Bacteroidetes
GCF001572875	Proteobacteria
GCF900156835	Proteobacteria
GCF000196015	Proteobacteria
GCF000423325	Proteobacteria
GCF001552375	Actinobacteria
GCF900116605	Proteobacteria
GCF000941055	Bacteroidetes
GCF000518765	Firmicutes
GCF000154205	Bacteroidetes
GCF001663675	Firmicutes
GCF000758985	Actinobacteria
GCF000243275	Bacteroidetes
GCF000024105	Firmicutes
GCF000974605	Proteobacteria
GCF000174755	Bacteroidetes
GCF900115045	Proteobacteria
GCF001866005	Firmicutes
GCF000739895	Proteobacteria
GCF002051585	Firmicutes
GCF001375535	Firmicutes
GCF001766835	Firmicutes
GCF000184745	Proteobacteria
GCF000423885	Proteobacteria
GCF001418105	Bacteroidetes
GCF001941945	Proteobacteria
GCF001641695	Proteobacteria
GCF002105555	Proteobacteria
GCF001657475	Actinobacteria
GCF000015645	not_annotated
GCF000340375	Firmicutes
GCF900114625	Acidobacteria
GCF900111015	Proteobacteria
GCF000162755	Proteobacteria
GCF000301055	Firmicutes
GCF000620925	Proteobacteria
GCF000350145	not_annotated
GCF001435345	Firmicutes
GCF900163795	not_annotated
GCF000242615	not_annotated
GCF001592285	Proteobacteria
GCF000518485	Bacteroidetes
GCF000019905	Firmicutes
GCF000372425	Firmicutes
GCF000720335	Actinobacteria
GCF000021925	Firmicutes
GCF000215955	Proteobacteria
GCF000737665	Bacteroidetes
GCF900095875	Firmicutes
GCF900172335	not_annotated
GCF001654695	Firmicutes
GCF001399775	Deinococcus-Thermus
GCF001904775	not_annotated
GCF002117405	Proteobacteria
GCF001262635	Proteobacteria
GCF001552855	Actinobacteria
GCF900115755	Bacteroidetes
GCF000240165	Actinobacteria
GCF001735805	Actinobacteria
GCF000192745	Proteobacteria
GCF000429965	Proteobacteria
GCF000622365	Proteobacteria
GCF000445445	Firmicutes
GCF001687545	Proteobacteria
GCF000439105	Firmicutes
GCF000797465	Bacteroidetes
GCF002015125	Proteobacteria
GCF000422705	Bacteroidetes
GCF000169155	not_annotated
GCF900141805	Bacteroidetes
GCF900108595	Proteobacteria
GCF000695095	not_annotated
GCF900086585	Firmicutes
GCF000210095	Firmicutes
GCF000153225	Bacteroidetes
GCF001468035	Proteobacteria
GCF900049755	Actinobacteria
GCF000739085	Actinobacteria
GCF000008465	Proteobacteria
GCF000190735	Bacteroidetes
GCF000010785	Aquificae
GCF000378625	Proteobacteria
GCF001050115	Firmicutes
GCF000973085	Fusobacteria
GCF900091655	Bacteroidetes
GCF001408335	Actinobacteria
GCF001598235	Proteobacteria
GCF001262055	Actinobacteria
GCF002142495	not_annotated
GCF000744105	Bacteroidetes
GCF000620945	Firmicutes
GCF900113085	Proteobacteria
GCF001282625	Bacteroidetes
GCF001467055	Proteobacteria
GCF900115225	Proteobacteria
GCF000473955	Bacteroidetes
GCF000018685	Firmicutes
GCF900167565	Proteobacteria
GCF002174125	not_annotated
GCF000498475	Bacteroidetes
GCF001458355	Proteobacteria
GCF900101475	Proteobacteria
GCF900107605	Proteobacteria
GCF001613545	not_annotated
GCF001623875	Firmicutes
GCF000308875	Actinobacteria
GCF000759345	Proteobacteria
GCF001707755	Proteobacteria
GCF001050435	Firmicutes
GCF001606025	Proteobacteria
GCF001486165	Firmicutes
GCF900128415	Firmicutes
GCF001701045	Synergistetes
GCF000601485	Proteobacteria
GCF000425725	Proteobacteria
GCF000385925	Firmicutes
GCF000993785	Actinobacteria
GCF000699505	Actinobacteria
GCF900119695	Actinobacteria
GCF001981245	Proteobacteria
GCF001642915	Planctomycetes
GCF000507845	Proteobacteria
GCF900110695	Firmicutes
GCF000023925	Actinobacteria
GCF000466985	Proteobacteria
GCF001586215	Actinobacteria
GCF000590475	Proteobacteria
GCF000224985	Firmicutes
GCF000237065	Proteobacteria
GCF000768345	Proteobacteria
GCF000014745	Proteobacteria
GCF900010725	not_annotated
GCF000429045	Proteobacteria
GCF001515305	Proteobacteria
GCF900172345	not_annotated
GCF001307765	Proteobacteria
GCF000025965	Proteobacteria
GCF000321205	Bacteroidetes
GCF001457455	Actinobacteria
GCF000423125	Proteobacteria
GCF000444995	Proteobacteria
GCF000698575	Proteobacteria
GCF000210055	not_annotated
GCF001375495	Actinobacteria
GCF000423305	Proteobacteria
GCF000176915	Proteobacteria
GCF001642875	Planctomycetes
GCF000250655	Firmicutes
GCF000164635	not_annotated
GCF001436095	Firmicutes
GCF000682755	Proteobacteria
GCF900115305	Bacteroidetes
GCF900119825	Proteobacteria
GCF002155895	not_annotated
GCF900115625	Firmicutes
GCF001455205	Proteobacteria
GCF000148995	Firmicutes
GCF001939045	Proteobacteria
GCF002005405	Firmicutes
GCF000744655	Actinobacteria
GCF900188005	not_annotated
GCF000688295	Proteobacteria
GCF002003265	Firmicutes
GCF001311845	not_annotated
GCF001310275	Actinobacteria
GCF900112755	Proteobacteria
GCF001437425	Firmicutes
GCF000454045	Actinobacteria
GCF000193225	not_annotated
GCF000012825	Bacteroidetes
GCF000688415	Actinobacteria
GCF900101065	Firmicutes
GCF000735045	not_annotated
GCF001941465	Actinobacteria
GCF001761465	Bacteroidetes
GCF000058485	Actinobacteria
GCF000332255	not_annotated
GCF002108605	Proteobacteria
GCF000620985	Firmicutes
GCF000314735	not_annotated
GCF000312045	Proteobacteria
GCF900188185	not_annotated
GCF000258175	Actinobacteria
GCF001598255	Proteobacteria
GCF002043005	Proteobacteria
GCF900104725	Actinobacteria
GCF900116255	Firmicutes
GCF000016745	Proteobacteria
GCF001431405	Proteobacteria
GCF000014345	Proteobacteria
GCF000737705	Bacteroidetes
GCF000812665	Proteobacteria
GCF001420915	Proteobacteria
GCF900129025	Bacteroidetes
GCF000821185	Proteobacteria
GCF000426585	Bacteroidetes
GCF000420045	Proteobacteria
GCF000521505	Proteobacteria
GCF900184245	not_annotated
GCF001559775	not_annotated
GCF000158275	Fusobacteria
GCF000420745	Proteobacteria
GCF000271665	Firmicutes
GCF900167055	Proteobacteria
GCF000757905	Proteobacteria
GCF900156345	Bacteroidetes
GCF000320365	Proteobacteria
GCF001318405	Firmicutes
GCF000620485	Proteobacteria
GCF000377005	Firmicutes
GCF001632485	Proteobacteria
GCF000174815	Bacteroidetes
GCF000426365	Proteobacteria
GCF001717505	Firmicutes
GCF000210375	not_annotated
GCF000372885	Proteobacteria
GCF900103935	Actinobacteria
GCF900089455	Proteobacteria
GCF001655245	Actinobacteria
GCF001550135	Proteobacteria
GCF000521785	Proteobacteria
GCF000341065	not_annotated
GCF001552555	not_annotated
GCF000313565	Firmicutes
GCF000220235	Bacteroidetes
GCF000255495	Firmicutes
GCF000695795	Bacteroidetes
GCF001594265	Proteobacteria
GCF000422945	Bacteroidetes
GCF000309385	not_annotated
GCF000789395	Firmicutes
GCF000406925	Firmicutes
GCF002233675	not_annotated
GCF000468615	Bacteroidetes
GCF001447335	Proteobacteria
GCF000214035	Proteobacteria
GCF002056795	Bacteroidetes
GCF000621485	Firmicutes
GCF900106985	Bacteroidetes
GCF001644015	Proteobacteria
GCF000024265	Actinobacteria
GCF000737775	Bacteroidetes
GCF000708615	Bacteroidetes
GCF000374165	Actinobacteria
GCF000423045	Bacteroidetes
GCF000422345	Proteobacteria
GCF000018325	Firmicutes
GCF900103445	Proteobacteria
GCF000194925	Proteobacteria
GCF900116425	Bacteroidetes
GCF001570385	Actinobacteria
GCF000614585	Bacteroidetes
GCF001405555	Firmicutes
GCF900169515	Actinobacteria
GCF000300335	Proteobacteria
GCF000173915	Firmicutes
GCF000203895	Proteobacteria
GCF000717285	Actinobacteria
GCF000732635	Firmicutes
GCF000336255	Proteobacteria
GCF001971565	Proteobacteria
GCF900109885	Proteobacteria
GCF001509585	Proteobacteria
GCF001636335	Firmicutes
GCF001701025	Actinobacteria
GCF000247565	Proteobacteria
GCF001643955	Proteobacteria
GCF000616095	Proteobacteria
GCF000162475	Firmicutes
GCF000183425	Bacteroidetes
GCF001570765	Actinobacteria
GCF000617925	Proteobacteria
GCF900188405	not_annotated
GCF900115565	Actinobacteria
GCF001005315	Bacteroidetes
GCF000835165	Actinobacteria
GCF000261485	Proteobacteria
GCF002080415	Proteobacteria
GCF000496835	Firmicutes
GCF000226315	Proteobacteria
GCF000720455	Actinobacteria
GCF000025205	Actinobacteria
GCF001636295	Actinobacteria
GCF900112365	Bacteroidetes
GCF000148645	Proteobacteria
GCF000455225	Firmicutes
GCF000423665	Actinobacteria
GCF900116195	Proteobacteria
GCF001077885	Proteobacteria
GCF900115105	Proteobacteria
GCF000312425	Proteobacteria
GCF000745855	Proteobacteria
GCF000012965	Proteobacteria
GCF000211835	Proteobacteria
GCF000220255	Bacteroidetes
GCF000020465	Chlorobi
GCF000737325	Proteobacteria
GCF900112225	Proteobacteria
GCF001890765	not_annotated
GCF000223985	Proteobacteria
GCF002086255	Actinobacteria
GCF001544195	Firmicutes
GCF000737765	Bacteroidetes
GCF001636325	Firmicutes
GCF000379685	Actinobacteria
GCF000308255	Firmicutes
GCF000429225	Actinobacteria
GCF900104805	Proteobacteria
GCF000022085	Proteobacteria
GCF000701265	Proteobacteria
GCF900156815	Proteobacteria
GCF900105345	Actinobacteria
GCF000745425	Proteobacteria
GCF001314325	Proteobacteria
GCF000235505	Firmicutes
GCF900130015	Proteobacteria
GCF001998885	Firmicutes
GCF000296465	Bacteroidetes
GCF000787395	Proteobacteria
GCF000364845	Proteobacteria
GCF001945605	Firmicutes
GCF900105385	Actinobacteria
GCF900104245	Proteobacteria
GCF900107275	Firmicutes
GCF001449105	Proteobacteria
GCF000964315	Firmicutes
GCF000689195	Proteobacteria
GCF000190555	Deinococcus-Thermus
GCF000014025	Proteobacteria
GCF001659785	Actinobacteria
GCF900176885	Firmicutes
GCF001434315	Firmicutes
GCF000376645	Proteobacteria
GCF000262225	Fusobacteria
GCF900109895	not_annotated
GCF001202035	Proteobacteria
GCF001311905	not_annotated
GCF001465835	Firmicutes
GCF000160635	Firmicutes
GCF000233915	Proteobacteria
GCF002211765	not_annotated
GCF900100155	Proteobacteria
GCF001922385	Proteobacteria
GCF000379185	Bacteroidetes
GCF000428765	Proteobacteria
GCF000741165	Actinobacteria
GCF000169035	Actinobacteria
GCF900048895	Firmicutes
GCF000419685	Bacteroidetes
GCF000204195	Proteobacteria
GCF000757885	Firmicutes
GCF000429405	Bacteroidetes
GCF001644565	Deinococcus-Thermus
GCF001404895	Firmicutes
GCF000144605	Proteobacteria
GCF000153105	Planctomycetes
GCF000158175	Proteobacteria
GCF000014705	Proteobacteria
GCF000828835	Proteobacteria
GCF001043175	Proteobacteria
GCF000429065	Proteobacteria
GCF000718025	Actinobacteria
GCF900104745	Actinobacteria
GCF000021385	Proteobacteria
GCF001308145	Firmicutes
GCF001441615	Proteobacteria
GCF000442255	Proteobacteria
GCF000014925	Actinobacteria
GCF000817975	Proteobacteria
GCF900167105	Bacteroidetes
GCF001746855	Actinobacteria
GCF000775775	Proteobacteria
GCF001273835	Actinobacteria
GCF000525675	Proteobacteria
GCF000380105	Firmicutes
GCF002162335	Actinobacteria
GCF002197685	not_annotated
GCF001281695	not_annotated
GCF001940525	Proteobacteria
GCF900110675	Firmicutes
GCF900101995	Bacteroidetes
GCF900156535	Proteobacteria
GCF000428525	Proteobacteria
GCF900009265	not_annotated
GCF002120225	Bacteroidetes
GCF000156675	Firmicutes
GCF000613785	Bacteroidetes
GCF000173815	Firmicutes
GCF002161865	not_annotated
GCF001306115	not_annotated
GCF000022265	Proteobacteria
GCF001663155	Proteobacteria
GCF001641285	Proteobacteria
GCF001941445	Actinobacteria
GCF000745675	Actinobacteria
GCF900109035	Proteobacteria
GCF000701845	not_annotated
GCF002009175	Actinobacteria
GCF000348725	Proteobacteria
GCF900111155	Bacteroidetes
GCF000746645	Proteobacteria
GCF000724625	Armatimonadetes
GCF000014045	Proteobacteria
GCF000426525	Actinobacteria
GCF000378465	Proteobacteria
GCF000025005	not_annotated
GCF000055785	Proteobacteria
GCF001442515	Proteobacteria
GCF000412995	Spirochaetes
GCF000935025	Proteobacteria
GCF001630115	Firmicutes
GCF000423565	Bacteroidetes
GCF900100495	Proteobacteria
GCF000521565	Proteobacteria
GCF001038205	Proteobacteria
GCF000585375	not_annotated
GCF000722615	Proteobacteria
GCF000973725	Bacteroidetes
GCF001719165	Proteobacteria
GCF900167025	Spirochaetes
GCF900102055	Bacteroidetes
GCF001298265	Proteobacteria
GCF000185385	Firmicutes
GCF001263755	Actinobacteria
GCF001442785	Proteobacteria
GCF900112845	Actinobacteria
GCF000527095	Proteobacteria
GCF001020985	Actinobacteria
GCF000975155	Actinobacteria
GCF000143825	Actinobacteria
GCF900115665	Bacteroidetes
GCF000248015	Proteobacteria
GCF000785515	Firmicutes
GCF900188205	not_annotated
GCF001611975	Proteobacteria
GCF900102815	Actinobacteria
GCF000236705	Bacteroidetes
GCF000425565	Proteobacteria
GCF900113285	Bacteroidetes
GCF001698205	Proteobacteria
GCF000468055	Spirochaetes
GCF000732945	Actinobacteria
GCF000341085	Actinobacteria
GCF000012865	Firmicutes
GCF000377625	Bacteroidetes
GCF000374625	Proteobacteria
GCF000252445	Deinococcus-Thermus
GCF000495935	Bacteroidetes
GCF000230275	Firmicutes
GCF000015725	Proteobacteria
GCF001592085	Firmicutes
GCF001460635	Proteobacteria
GCF000196455	Firmicutes
GCF000175795	Firmicutes
GCF000314975	Proteobacteria
GCF900176865	Actinobacteria
GCF000764535	Proteobacteria
GCF001886695	Proteobacteria
GCF001189955	Proteobacteria
GCF001678945	Proteobacteria
GCF000162015	Firmicutes
GCF000718095	Actinobacteria
GCF000826105	Proteobacteria
GCF001315015	Proteobacteria
GCF000565015	Bacteroidetes
GCF000013885	Proteobacteria
GCF001281525	Firmicutes
GCF900111885	Actinobacteria
GCF000473365	Bacteroidetes
GCF001375595	Proteobacteria
GCF000016565	Proteobacteria
GCF001729525	Actinobacteria
GCF000169235	Firmicutes
GCF001644705	Proteobacteria
GCF000008345	Actinobacteria
GCF000143165	Chloroflexi
GCF900112525	Actinobacteria
GCF000430665	Bacteroidetes
GCF000671395	Proteobacteria
GCF900120405	Firmicutes
GCF000768355	Proteobacteria
GCF000829515	Firmicutes
GCF900113275	Proteobacteria
GCF001587375	Firmicutes
GCF000315525	Proteobacteria
GCF000426725	Bacteroidetes
GCF000012685	Proteobacteria
GCF000379705	Actinobacteria
GCF000503775	Firmicutes
GCF001922575	Proteobacteria
GCF002005305	Proteobacteria
GCF000426225	Proteobacteria
GCF001753205	Firmicutes
GCF000763905	Proteobacteria
GCF000312105	Actinobacteria
GCF001405615	Firmicutes
GCF000092225	Actinobacteria
GCF000831385	Bacteroidetes
GCF000018025	Proteobacteria
GCF001659685	Bacteroidetes
GCF900176135	Bacteroidetes
GCF000312405	Firmicutes
GCF000687875	Proteobacteria
GCF000612485	Proteobacteria
GCF001456115	Proteobacteria
GCF001280225	Proteobacteria
GCF001676875	Proteobacteria
GCF001028025	Firmicutes
GCF900105725	Actinobacteria
GCF900086725	Firmicutes
GCF000025925	Bacteroidetes
GCF001741865	Proteobacteria
GCF000016405	Proteobacteria
GCF001613245	Actinobacteria
GCF000218895	Bacteroidetes
GCF002086215	Actinobacteria
GCF001543325	Bacteroidetes
GCF900156605	Proteobacteria
GCF001586165	Proteobacteria
GCF002115755	Proteobacteria
GCF900142755	Proteobacteria
GCF900114285	Proteobacteria
GCF000688455	Acidobacteria
GCF001277995	Actinobacteria
GCF002101785	Actinobacteria
GCF000145275	Firmicutes
GCF000019965	not_annotated
GCF900168015	Bacteroidetes
GCF900188095	not_annotated
GCF001418005	Proteobacteria
GCF000378105	Verrucomicrobia
GCF001620265	Proteobacteria
GCF001866515	Proteobacteria
GCF000196175	Proteobacteria
GCF000156655	Firmicutes
GCF000023705	Proteobacteria
GCF000021745	Proteobacteria
GCF900109115	Actinobacteria
GCF001722515	not_annotated
GCF900101815	Bacteroidetes
GCF900100665	Proteobacteria
GCF900102905	Proteobacteria
GCF900188235	not_annotated
GCF001458435	Proteobacteria
GCF002218195	not_annotated
GCF002195995	not_annotated
GCF900188295	not_annotated
GCF000696485	Proteobacteria
GCF000014565	Actinobacteria
GCF900110645	Bacteroidetes
GCF000423585	Bacteroidetes
GCF000020725	Proteobacteria
GCF000770795	Proteobacteria
GCF000331105	Bacteroidetes
GCF001434695	Firmicutes
GCF001463905	Proteobacteria
GCF000278155	Proteobacteria
GCF001552275	Firmicutes
GCF900156765	Bacteroidetes
GCF900176575	Firmicutes
GCF000702765	Tenericutes
GCF002014855	Proteobacteria
GCF000231275	Bacteroidetes
GCF000969445	Proteobacteria
GCF000227705	Firmicutes
GCF001049735	Proteobacteria
GCF900089765	Proteobacteria
GCF000420765	Proteobacteria
GCF002224425	Firmicutes
GCF001700325	Firmicutes
GCF000442645	Actinobacteria
GCF001592345	not_annotated
GCF001641005	Actinobacteria
GCF000739915	Firmicutes
GCF900142565	Bacteroidetes
GCF000718315	Actinobacteria
GCF000154345	Firmicutes
GCF000164135	Actinobacteria
GCF000471045	Actinobacteria
GCF001940565	Firmicutes
GCF000767615	Proteobacteria
GCF000765745	not_annotated
GCF000025265	Actinobacteria
GCF900105585	Actinobacteria
GCF900114325	Proteobacteria
GCF000512205	Proteobacteria
GCF002211145	Proteobacteria
GCF000195275	Spirochaetes
GCF000011245	Firmicutes
GCF001311925	Firmicutes
GCF001483135	Bacteroidetes
GCF000020365	Proteobacteria
GCF001877035	Firmicutes
GCF900111925	Actinobacteria
GCF001008165	Proteobacteria
GCF001310085	Bacteroidetes
GCF001465795	Firmicutes
GCF000178955	Acidobacteria
GCF000827555	Bacteroidetes
GCF001613145	Actinobacteria
GCF000504285	not_annotated
GCF900167535	Verrucomicrobia
GCF900156695	Proteobacteria
GCF001027925	Planctomycetes
GCF000317225	not_annotated
GCF002101675	Actinobacteria
GCF900172285	not_annotated
GCF001046635	Proteobacteria
GCF000159635	Actinobacteria
GCF000269865	Firmicutes
GCF001936335	Firmicutes
GCF001956185	Firmicutes
GCF001499675	Proteobacteria
GCF900100975	Proteobacteria
GCF001564455	Firmicutes
GCF900086715	Firmicutes
GCF000154465	Bacteroidetes
GCF000166275	Bacteroidetes
GCF000389635	Firmicutes
GCF000422085	Proteobacteria
GCF002150685	not_annotated
GCF000622425	Proteobacteria
GCF000739695	Proteobacteria
GCF000147835	Proteobacteria
GCF000242635	Bacteroidetes
GCF000705255	Proteobacteria
GCF900129325	Proteobacteria
GCF001590785	Firmicutes
GCF900105165	Bacteroidetes
GCF001953955	Bacteroidetes
GCF001592305	Proteobacteria
GCF001887245	Actinobacteria
GCF000828635	Proteobacteria
GCF900188355	not_annotated
GCF900142225	Firmicutes
GCF000429005	Proteobacteria
GCF900129445	Bacteroidetes
GCF000238095	Firmicutes
GCF000300875	Bacteroidetes
GCF000312005	Actinobacteria
GCF000735695	not_annotated
GCF000685315	Proteobacteria
GCF000420405	Actinobacteria
GCF000160655	Proteobacteria
GCF000188055	Firmicutes
GCF000007705	Proteobacteria
GCF000420065	Actinobacteria
GCF000158215	Fusobacteria
GCF000373265	Bacteroidetes
GCF000022325	Firmicutes
GCF900141865	Firmicutes
GCF001281485	Proteobacteria
GCF000025945	Proteobacteria
GCF000526695	Proteobacteria
GCF000243115	Bacteroidetes
GCF900129085	Firmicutes
GCF000819445	Actinobacteria
GCF900142605	Bacteroidetes
GCF000755145	Spirochaetes
GCF000012305	Proteobacteria
GCF900143275	Proteobacteria
GCF000744785	Actinobacteria
GCF000156015	Firmicutes
GCF001189915	Proteobacteria
GCF000757825	Proteobacteria
GCF001063195	Actinobacteria
GCF000372845	Proteobacteria
GCF001298465	Proteobacteria
GCF000020605	Firmicutes
GCF001595645	Proteobacteria
GCF900129885	Proteobacteria
GCF000488275	Proteobacteria
GCF001029455	Proteobacteria
GCF000425145	Bacteroidetes
GCF000714935	Firmicutes
GCF900101915	Proteobacteria
GCF000959725	Proteobacteria
GCF001865995	Firmicutes
GCF000153765	Proteobacteria
GCF000154485	Firmicutes
GCF000154445	Firmicutes
GCF900155525	Proteobacteria
GCF000154505	Firmicutes
GCF000953695	Proteobacteria
GCF000018145	Proteobacteria
GCF000307265	Firmicutes
GCF000156355	Proteobacteria
GCF000379885	Actinobacteria
GCF000023145	Actinobacteria
GCF001025155	Actinobacteria
GCF000974785	Bacteroidetes
GCF001547935	Proteobacteria
GCF000786575	Bacteroidetes
GCF000242435	Firmicutes
GCF000764025	Proteobacteria
GCF000265365	Bacteroidetes
GCF900112325	Actinobacteria
GCF001598435	Proteobacteria
GCF000205025	Proteobacteria
GCF001444425	Proteobacteria
GCF900106585	Firmicutes
GCF000757385	Bacteroidetes
GCF000745125	Firmicutes
GCF002003465	Firmicutes
GCF900113745	Proteobacteria
GCF000421245	Actinobacteria
GCF900095795	Bacteroidetes
GCF000829235	not_annotated
GCF001643015	Actinobacteria
GCF001953075	Proteobacteria
GCF900099755	Actinobacteria
GCF900142235	Firmicutes
GCF001953305	Bacteroidetes
GCF002156545	not_annotated
GCF900167575	Actinobacteria
GCF001544075	Proteobacteria
GCF000379865	Actinobacteria
GCF000285835	Actinobacteria
GCF000283615	Firmicutes
GCF000300855	Proteobacteria
GCF000219535	Firmicutes
GCF000741695	Actinobacteria
GCF001945525	Firmicutes
GCF002073635	Proteobacteria
GCF000265505	Bacteroidetes
GCF000347695	Actinobacteria
GCF000175375	Actinobacteria
GCF000829395	Firmicutes
GCF002117125	Bacteroidetes
GCF001404515	Proteobacteria
GCF000739995	Proteobacteria
GCF000236565	not_annotated
GCF000012925	Proteobacteria
GCF000763375	Actinobacteria
GCF000144625	Firmicutes
GCF000686505	Firmicutes
GCF900102135	Proteobacteria
GCF000026505	Firmicutes
GCF001936625	Firmicutes
GCF001698225	Actinobacteria
GCF000315445	Firmicutes
GCF000284015	Actinobacteria
GCF000473225	Proteobacteria
GCF900129925	Firmicutes
GCF000430025	Bacteroidetes
GCF001586195	Firmicutes
GCF000379765	Bacteroidetes
GCF000152625	Proteobacteria
GCF900187985	not_annotated
GCF000785105	Firmicutes
GCF000614145	Bacteroidetes
GCF000515335	Firmicutes
GCF001696535	Proteobacteria
GCF000947195	Proteobacteria
GCF001700895	Proteobacteria
GCF000368785	Proteobacteria
GCF002151265	not_annotated
GCF900090295	not_annotated
GCF000614205	Bacteroidetes
GCF000245815	Firmicutes
GCF900103735	Bacteroidetes
GCF000160115	Firmicutes
GCF001541235	Proteobacteria
GCF000732925	Actinobacteria
GCF001660485	Actinobacteria
GCF000262405	Proteobacteria
GCF000023825	Bacteroidetes
GCF000428785	Proteobacteria
GCF001443675	Proteobacteria
GCF000313915	Firmicutes
GCF000425105	Actinobacteria
GCF900103625	Actinobacteria
GCF000020685	Deinococcus-Thermus
GCF000011485	not_annotated
GCF000212375	Bacteroidetes
GCF000328725	Tenericutes
GCF001436575	Firmicutes
GCF002093975	Actinobacteria
GCF001645385	Actinobacteria
GCF000006605	Actinobacteria
GCF900166625	Firmicutes
GCF900167165	Firmicutes
GCF000349725	Firmicutes
GCF000469345	Firmicutes
GCF000178835	Firmicutes
GCF000619905	Proteobacteria
GCF001747105	Bacteroidetes
GCF001895045	Actinobacteria
GCF002208805	Firmicutes
GCF001995095	Proteobacteria
GCF900111375	Actinobacteria
GCF900169305	Firmicutes
GCF000161975	Firmicutes
GCF002077945	Bacteroidetes
GCF000504145	Firmicutes
GCF002009015	not_annotated
GCF900176475	Proteobacteria
GCF900110425	Proteobacteria
GCF000421225	Actinobacteria
GCF000019745	Proteobacteria
GCF001418685	Bacteroidetes
GCF000964005	Actinobacteria
GCF000753715	Proteobacteria
GCF001418245	Proteobacteria
GCF000729985	Bacteroidetes
GCF001278115	Bacteroidetes
GCF001610955	Firmicutes
GCF900129235	Proteobacteria
GCF900177775	not_annotated
GCF001444445	Bacteroidetes
GCF900168365	Firmicutes
GCF000367925	Proteobacteria
GCF900094705	Bacteroidetes
GCF900187375	not_annotated
GCF001911425	Bacteroidetes
GCF000186165	Proteobacteria
GCF000832985	Firmicutes
GCF000427335	Bacteroidetes
GCF000422365	Bacteroidetes
GCF002211785	not_annotated
GCF000614355	Bacteroidetes
GCF000376885	Actinobacteria
GCF001458315	Proteobacteria
GCF000278295	Proteobacteria
GCF002007565	Proteobacteria
GCF001889065	not_annotated
GCF900116175	Proteobacteria
GCF000153885	Firmicutes
GCF000331515	Proteobacteria
GCF000167355	not_annotated
GCF900100375	Bacteroidetes
GCF000510645	Firmicutes
GCF900176335	Firmicutes
GCF000428865	Firmicutes
GCF000146675	Bacteroidetes
GCF000419525	Proteobacteria
GCF900176515	Actinobacteria
GCF000185505	Firmicutes
GCF000021025	Proteobacteria
GCF900106975	Proteobacteria
GCF000513295	Proteobacteria
GCF900115115	Bacteroidetes
GCF000269605	Actinobacteria
GCF001045435	Bacteroidetes
GCF000219605	Proteobacteria
GCF900091615	Actinobacteria
GCF000759855	not_annotated
GCF000015025	Actinobacteria
GCF000718985	Actinobacteria
GCF900188225	not_annotated
GCF000194155	Actinobacteria
GCF000255705	Planctomycetes
GCF000819885	Proteobacteria
GCF001950115	Firmicutes
GCF900099675	Bacteroidetes
GCF000421565	Actinobacteria
GCF001941715	Proteobacteria
GCF001404455	Firmicutes
GCF001449115	Acidobacteria
GCF001553955	Proteobacteria
GCF900168045	Bacteroidetes
GCF000948975	Proteobacteria
GCF002086305	Actinobacteria
GCF000744515	Proteobacteria
GCF000317855	Firmicutes
GCF900100475	Proteobacteria
GCF900067235	Firmicutes
GCF000800615	Proteobacteria
GCF000250635	Bacteroidetes
GCF000210915	Proteobacteria
GCF001550055	Proteobacteria
GCF000613505	Bacteroidetes
GCF000277795	Tenericutes
GCF000154805	Firmicutes
GCF000711225	Proteobacteria
GCF900188275	not_annotated
GCF000648515	Proteobacteria
GCF000599985	Proteobacteria
GCF000245755	Firmicutes
GCF002155685	not_annotated
GCF001750215	Actinobacteria
GCF000716805	not_annotated
GCF000498495	Bacteroidetes
GCF000284255	Proteobacteria
GCF002201515	not_annotated
GCF000426885	Proteobacteria
GCF900104845	Proteobacteria
GCF000285915	Actinobacteria
GCF000723205	Bacteroidetes
GCF000012845	Bacteroidetes
GCF000375465	Balneolaeota
GCF000335475	Proteobacteria
GCF000420705	Bacteroidetes
GCF900129315	Balneolaeota
GCF001558415	Proteobacteria
GCF000015665	not_annotated
GCF900116065	Proteobacteria
GCF001281175	Firmicutes
GCF900113015	Actinobacteria
GCF000332295	not_annotated
GCF000975135	Actinobacteria
GCF001010945	Proteobacteria
GCF001998905	Proteobacteria
GCF002019645	Firmicutes
GCF900094545	Proteobacteria
GCF000815185	Proteobacteria
GCF000025485	Proteobacteria
GCF001050275	not_annotated
GCF000819565	Proteobacteria
GCF000427645	Proteobacteria
GCF000231405	Firmicutes
GCF001442535	Proteobacteria
GCF001592735	Proteobacteria
GCF900128905	Bacteroidetes
GCF001865575	Proteobacteria
GCF000016345	Proteobacteria
GCF000424665	Bacteroidetes
GCF002088235	Proteobacteria
GCF000334455	Actinobacteria
GCF001190755	Proteobacteria
GCF000170895	Proteobacteria
GCF000717135	Actinobacteria
GCF001957165	Proteobacteria
GCF001418575	not_annotated
GCF000153485	Bacteroidetes
GCF001697225	Proteobacteria
GCF000443165	Proteobacteria
GCF000160575	Firmicutes
GCF001685395	Firmicutes
GCF000525775	Firmicutes
GCF000831485	Firmicutes
GCF000826655	Bacteroidetes
GCF900176155	Actinobacteria
GCF000255455	Bacteroidetes
GCF000023065	Proteobacteria
GCF001643975	not_annotated
GCF001305295	Proteobacteria
GCF001572725	Proteobacteria
GCF001570865	Actinobacteria
GCF000763885	Proteobacteria
GCF000023605	Proteobacteria
GCF000024065	Actinobacteria
GCF001885585	Proteobacteria
GCF000023285	Bacteroidetes
GCF001761345	Proteobacteria
GCF900156065	Actinobacteria
GCF002050515	Firmicutes
GCF900128895	Proteobacteria
GCF000427445	Proteobacteria
GCF001308265	Proteobacteria
GCF000340565	not_annotated
GCF000014785	Proteobacteria
GCF000266885	Spirochaetes
GCF000156535	Firmicutes
GCF001192835	Bacteroidetes
GCF000158475	Proteobacteria
GCF000943555	Bacteroidetes
GCF000814475	Bacteroidetes
GCF900102835	Bacteroidetes
GCF001999985	Proteobacteria
GCF000438455	Firmicutes
GCF900188325	not_annotated
GCF001969385	Proteobacteria
GCF000747155	Proteobacteria
GCF000832605	Firmicutes
GCF000379525	Proteobacteria
GCF000378725	Firmicutes
GCF001747085	Bacteroidetes
GCF000385135	Actinobacteria
GCF000253275	Bacteroidetes
GCF000759445	Proteobacteria
GCF001552535	Actinobacteria
GCF900096895	Proteobacteria
GCF000019225	Proteobacteria
GCF000025225	Firmicutes
GCF000159035	Actinobacteria
GCF000761485	Actinobacteria
GCF000422985	Proteobacteria
GCF000972575	Firmicutes
GCF000023125	Bacteroidetes
GCF000184945	Bacteroidetes
GCF000306965	Firmicutes
GCF002117445	Proteobacteria
GCF900115085	Proteobacteria
GCF000474945	Proteobacteria
GCF001045675	Firmicutes
GCF000711715	Proteobacteria
GCF000711985	Proteobacteria
GCF002072955	Proteobacteria
GCF000015125	Chlorobi
GCF002179165	Proteobacteria
GCF900155405	Firmicutes
GCF000154825	Firmicutes
GCF000785985	Actinobacteria
GCF001677435	Proteobacteria
GCF000294775	Firmicutes
GCF001028625	Proteobacteria
GCF000429265	Actinobacteria
GCF001038425	Firmicutes
GCF000247995	Actinobacteria
GCF001931675	Proteobacteria
GCF000164985	Firmicutes
GCF900184705	not_annotated
GCF900103425	Firmicutes
GCF001998325	Actinobacteria
GCF000315235	not_annotated
GCF000689375	Bacteroidetes
GCF001435325	Firmicutes
GCF000255555	Spirochaetes
GCF000719975	Actinobacteria
GCF900110225	Proteobacteria
GCF002006565	Proteobacteria
GCF001274945	Firmicutes
GCF001895085	Proteobacteria
GCF900156655	Proteobacteria
GCF001885765	Firmicutes
GCF001420695	Firmicutes
GCF000298295	not_annotated
GCF001021045	Actinobacteria
GCF000718005	Actinobacteria
GCF001895925	not_annotated
GCF001613265	Actinobacteria
GCF002021925	Proteobacteria
GCF000015865	Firmicutes
GCF002005165	Firmicutes
GCF900142875	Proteobacteria
GCF001187845	Proteobacteria
GCF001438695	Firmicutes
GCF000169175	not_annotated
GCF000824785	Proteobacteria
GCF000159095	Firmicutes
GCF001999245	Proteobacteria
GCF000427385	Proteobacteria
GCF000257395	Proteobacteria
GCF000025905	not_annotated
GCF001688625	Firmicutes
GCF000241465	Proteobacteria
GCF000245795	Firmicutes
GCF000196855	Firmicutes
GCF001192655	Proteobacteria
GCF900105925	Actinobacteria
GCF001758365	Firmicutes
GCF900112675	Proteobacteria
GCF001758195	Proteobacteria
GCF001406595	Firmicutes
GCF001590965	Proteobacteria
GCF001467505	Proteobacteria
GCF000018285	Proteobacteria
GCF900099725	Actinobacteria
GCF001306415	Bacteroidetes
GCF002080435	Proteobacteria
GCF000015505	Proteobacteria
GCF900177405	Proteobacteria
GCF001437125	Firmicutes
GCF000341145	Actinobacteria
GCF000479045	Fusobacteria
GCF900086555	Proteobacteria
GCF000974425	Bacteroidetes
GCF001580015	not_annotated
GCF001274935	Firmicutes
GCF000237085	Firmicutes
GCF000661895	Actinobacteria
GCF000620785	Actinobacteria
GCF900114385	Actinobacteria
GCF900155365	Actinobacteria
GCF000521175	not_annotated
GCF001999905	Firmicutes
GCF900097105	Verrucomicrobia
GCF900109255	Bacteroidetes
GCF000452245	Firmicutes
GCF000833025	Bacteroidetes
GCF000296835	Firmicutes
GCF900102195	Actinobacteria
GCF000022125	Proteobacteria
GCF000296405	Actinobacteria
GCF000719865	Actinobacteria
GCF000350525	Actinobacteria
GCF001908775	Proteobacteria
GCF900107025	Proteobacteria
GCF900099985	Actinobacteria
GCF000160535	Bacteroidetes
GCF900113525	Bacteroidetes
GCF900143645	Firmicutes
GCF000158315	Fusobacteria
GCF000270085	Firmicutes
GCF000023205	Actinobacteria
GCF000015045	Proteobacteria
GCF000154305	Firmicutes
GCF001457435	Actinobacteria
GCF000154525	Bacteroidetes
GCF000752215	not_annotated
GCF000381785	Proteobacteria
GCF001678905	Actinobacteria
GCF001298675	Proteobacteria
GCF001438705	Firmicutes
GCF000741495	Actinobacteria
GCF001022195	Proteobacteria
GCF002158905	not_annotated
GCF000576305	Firmicutes
GCF002075795	Proteobacteria
GCF001517405	Proteobacteria
GCF002006345	Firmicutes
GCF000413055	Spirochaetes
GCF000285595	Firmicutes
GCF000161775	Proteobacteria
GCF001578205	Firmicutes
GCF000158075	Firmicutes
GCF900103165	Proteobacteria
GCF001439965	Firmicutes
GCF900110025	Proteobacteria
GCF001906585	Actinobacteria
GCF900129055	Proteobacteria
GCF002095575	Proteobacteria
GCF002086755	Actinobacteria
GCF002075885	Proteobacteria
GCF000311925	Bacteroidetes
GCF900129845	Proteobacteria
GCF001660705	Bacteroidetes
GCF001570965	Actinobacteria
GCF900107105	Actinobacteria
GCF002000045	Proteobacteria
GCF900163715	not_annotated
GCF000165485	Proteobacteria
GCF000504425	Proteobacteria
GCF000242255	Proteobacteria
GCF000702445	Acidobacteria
GCF000821065	Firmicutes
GCF900142055	Bacteroidetes
GCF000317535	not_annotated
GCF000301075	Bacteroidetes
GCF900129375	Actinobacteria
GCF000807925	Proteobacteria
GCF000213825	Firmicutes
GCF000454065	Firmicutes
GCF000282995	not_annotated
GCF000315055	Proteobacteria
GCF900106555	Proteobacteria
GCF002209385	not_annotated
GCF001584725	not_annotated
GCF001577305	Actinobacteria
GCF900101875	Bacteroidetes
GCF000016085	Chlorobi
GCF900096965	Firmicutes
GCF000744705	Actinobacteria
GCF001431535	Proteobacteria
GCF000380245	Firmicutes
GCF000016285	Proteobacteria
GCF900107415	Proteobacteria
GCF000430545	Bacteroidetes
GCF000716715	Actinobacteria
GCF000379645	Actinobacteria
GCF002096055	Actinobacteria
GCF000612805	Firmicutes
GCF000953635	Proteobacteria
GCF900142035	Bacteroidetes
GCF000248055	Actinobacteria
